cidade,estado,hsp
Acrelândia,AC,4.437
Assis Brasil,AC,4.362
Brasiléia,AC,4.375
Bujari,AC,4.400
Capixaba,AC,4.415
Cruzeiro do Sul,AC,4.293
Epitaciolândia,AC,4.391
Feijó,AC,4.332
Jordão,AC,4.319
Manoel Urbano,AC,4.350
Marechal Thaumaturgo,AC,4.312
Mâncio Lima,AC,4.289
Plácido de Castro,AC,4.433
Porto Acre,AC,4.419
Porto Walter,AC,4.303
Rio Branco,AC,4.393
Rodrigues Alves,AC,4.293
Santa Rosa do Purus,AC,4.343
Sena Madureira,AC,4.362
Senador Guiomard,AC,4.431
Tarauacá,AC,4.307
Xapuri,AC,4.392
Anadia,AL,5.417
Arapiraca,AL,5.417
Atalaia,AL,5.422
Barra de Santo Antônio,AL,5.438
Barra de São Miguel,AL,5.430
Batalha,AL,5.420
Belo Monte,AL,5.437
Belém,AL,5.415
Boca da Mata,AL,5.417
Branquinha,AL,5.425
Cacimbinhas,AL,5.425
Cajueiro,AL,5.423
Campestre,AL,5.440
Campo Alegre,AL,5.416
Campo Grande,AL,5.433
Canapi,AL,5.506
Capela,AL,5.423
Carneiros,AL,5.442
Chã Preta,AL,5.429
Coité do Nóia,AL,5.415
Colônia Leopoldina,AL,5.436
Coqueiro Seco,AL,5.429
Coruripe,AL,5.415
Craíbas,AL,5.417
Delmiro Gouveia,AL,5.514
Dois Riachos,AL,5.425
Estrela de Alagoas,AL,5.430
Feira Grande,AL,5.421
Feliz Deserto,AL,5.427
Flexeiras,AL,5.432
Girau do Ponciano,AL,5.419
Ibateguara,AL,5.435
Igaci,AL,5.416
Igreja Nova,AL,5.425
Inhapi,AL,5.508
Jacaré dos Homens,AL,5.431
Jacuípe,AL,5.442
Japaratinga,AL,5.439
Jaramataia,AL,5.415
Jequiá da Praia,AL,5.416
Joaquim Gomes,AL,5.437
Jundiá,AL,5.435
Junqueiro,AL,5.411
Lagoa da Canoa,AL,5.419
Limoeiro de Anadia,AL,5.416
Maceió,AL,5.432
Major Isidoro,AL,5.420
Mar Vermelho,AL,5.412
Maragogi,AL,5.439
Maravilha,AL,5.488
Marechal Deodoro,AL,5.430
Maribondo,AL,5.415
Mata Grande,AL,5.541
Matriz de Camaragibe,AL,5.436
Messias,AL,5.427
Minador do Negrão,AL,5.438
Monteirópolis,AL,5.439
Murici,AL,5.426
Novo Lino,AL,5.436
Olho d'Água Grande,AL,5.430
Olho d'Água das Flores,AL,5.434
Olho d'Água do Casado,AL,5.486
Olivença,AL,5.423
Ouro Branco,AL,5.480
Palestina,AL,5.436
Palmeira dos Índios,AL,5.414
Pariconha,AL,5.548
Paripueira,AL,5.434
Passo de Camaragibe,AL,5.439
Paulo Jacinto,AL,5.413
Penedo,AL,5.424
Piaçabuçu,AL,5.424
Pilar,AL,5.426
Pindoba,AL,5.412
Piranhas,AL,5.464
Porto Calvo,AL,5.438
Porto Real do Colégio,AL,5.422
Porto de Pedras,AL,5.437
Poço das Trincheiras,AL,5.470
Pão de Açúcar,AL,5.444
Quebrangulo,AL,5.422
Rio Largo,AL,5.428
Roteiro,AL,5.430
Santa Luzia do Norte,AL,5.430
Santana do Ipanema,AL,5.441
Santana do Mundaú,AL,5.441
Satuba,AL,5.426
Senador Rui Palmeira,AL,5.474
São Brás,AL,5.428
São José da Laje,AL,5.443
São José da Tapera,AL,5.451
São Luís do Quitunde,AL,5.438
São Miguel dos Campos,AL,5.423
São Miguel dos Milagres,AL,5.440
São Sebastião,AL,5.422
Tanque d'Arca,AL,5.414
Taquarana,AL,5.416
Teotônio Vilela,AL,5.414
Traipu,AL,5.430
União dos Palmares,AL,5.434
Viçosa,AL,5.418
Água Branca,AL,5.521
Alvarães,AM,4.556
Amaturá,AM,4.403
Anamã,AM,4.623
Anori,AM,4.617
Apuí,AM,4.596
Atalaia do Norte,AM,4.291
Autazes,AM,4.640
Barcelos,AM,4.638
Barreirinha,AM,4.776
Benjamin Constant,AM,4.312
Beruri,AM,4.606
Boa Vista do Ramos,AM,4.742
Boca do Acre,AM,4.389
Borba,AM,4.629
Caapiranga,AM,4.639
Canutama,AM,4.538
Carauari,AM,4.428
Careiro,AM,4.620
Careiro da Várzea,AM,4.645
Coari,AM,4.586
Codajás,AM,4.641
Eirunepé,AM,4.315
Envira,AM,4.323
Fonte Boa,AM,4.504
Guajará,AM,4.284
Humaitá,AM,4.571
Ipixuna,AM,4.297
Iranduba,AM,4.620
Itacoatiara,AM,4.689
Itamarati,AM,4.368
Itapiranga,AM,4.718
Japurá,AM,4.391
Juruá,AM,4.507
Jutaí,AM,4.388
Lábrea,AM,4.466
Manacapuru,AM,4.616
Manaquiri,AM,4.609
Manaus,AM,4.641
Manicoré,AM,4.578
Maraã,AM,4.589
Maués,AM,4.691
Nhamundá,AM,4.781
Nova Olinda do Norte,AM,4.675
Novo Airão,AM,4.652
Novo Aripuanã,AM,4.582
Parintins,AM,4.813
Pauini,AM,4.371
Presidente Figueiredo,AM,4.689
Rio Preto da Eva,AM,4.665
Santa Isabel do Rio Negro,AM,4.531
Santo Antônio do Içá,AM,4.364
Silves,AM,4.712
São Gabriel da Cachoeira,AM,4.392
São Paulo de Olivença,AM,4.346
São Sebastião do Uatumã,AM,4.729
Tabatinga,AM,4.339
Tapauá,AM,4.520
Tefé,AM,4.532
Tonantins,AM,4.423
Uarini,AM,4.568
Urucará,AM,4.734
Urucurituba,AM,4.742
Amapá,AP,4.976
Calçoene,AP,4.962
Cutias,AP,4.980
Ferreira Gomes,AP,4.951
Itaubal,AP,4.981
Laranjal do Jari,AP,4.924
Macapá,AP,4.974
Mazagão,AP,4.922
Oiapoque,AP,4.955
Pedra Branca do Amapari,AP,4.923
Porto Grande,AP,4.933
Pracuúba,AP,4.960
Santana,AP,4.953
Serra do Navio,AP,4.934
Tartarugalzinho,AP,4.965
Vitória do Jari,AP,4.904
Abaré,BA,5.584
Abaíra,BA,5.061
Acajutiba,BA,5.142
Adustina,BA,5.320
Aiquara,BA,5.005
Alagoinhas,BA,5.102
Alcobaça,BA,4.831
Almadina,BA,5.004
Amargosa,BA,4.984
Amélia Rodrigues,BA,5.102
América Dourada,BA,5.220
Anagé,BA,5.016
Andaraí,BA,4.985
Andorinha,BA,5.284
Angical,BA,5.466
Anguera,BA,5.072
Antas,BA,5.305
Antônio Cardoso,BA,5.073
Antônio Gonçalves,BA,5.233
Aporá,BA,5.114
Apuarema,BA,5.004
Aracatu,BA,5.081
Araci,BA,5.140
Aramari,BA,5.112
Arataca,BA,4.986
Aratuípe,BA,5.009
Araças,BA,5.098
Aurelino Leal,BA,5.031
Baianópolis,BA,5.451
Baixa Grande,BA,5.029
Banzaê,BA,5.234
Barra,BA,5.524
Barra da Estiva,BA,4.976
Barra do Choça,BA,5.001
Barra do Mendes,BA,5.277
Barra do Rocha,BA,5.027
Barreiras,BA,5.375
Barro Alto,BA,5.227
Barro Preto,BA,4.991
Barrocas,BA,5.124
Belmonte,BA,4.994
Belo Campo,BA,5.068
Biritinga,BA,5.111
Boa Nova,BA,4.996
Boa Vista do Tupim,BA,4.947
Bom Jesus da Lapa,BA,5.379
Bom Jesus da Serra,BA,4.999
Boninal,BA,5.124
Bonito,BA,5.104
Boquira,BA,5.318
Botuporã,BA,5.245
Brejolândia,BA,5.471
Brejões,BA,4.974
Brotas de Macaúbas,BA,5.321
Brumado,BA,5.134
Buerarema,BA,4.994
Buritirama,BA,5.542
Caatiba,BA,5.000
Cabaceiras do Paraguaçu,BA,5.064
Cachoeira,BA,5.076
Caculé,BA,5.235
Caetanos,BA,4.988
Caetité,BA,5.306
Cafarnaum,BA,5.151
Cairu,BA,5.048
Caldeirão Grande,BA,5.130
Camacan,BA,4.994
Camamu,BA,5.048
Camaçari,BA,5.101
Campo Alegre de Lourdes,BA,5.598
Campo Formoso,BA,5.341
Canarana,BA,5.204
Canavieiras,BA,5.007
Candeal,BA,5.102
Candeias,BA,5.102
Candiba,BA,5.351
Cansanção,BA,5.192
Canudos,BA,5.329
Canápolis,BA,5.422
Capela do Alto Alegre,BA,5.080
Capim Grosso,BA,5.111
Caravelas,BA,4.794
Caraíbas,BA,5.075
Cardeal da Silva,BA,5.117
Carinhanha,BA,5.419
Casa Nova,BA,5.626
Castro Alves,BA,5.020
Catolândia,BA,5.444
Catu,BA,5.106
Caturama,BA,5.236
Caém,BA,5.123
Central,BA,5.366
Chorrochó,BA,5.504
Cipó,BA,5.147
Coaraci,BA,5.018
Cocos,BA,5.270
Conceição da Feira,BA,5.072
Conceição do Almeida,BA,5.018
Conceição do Coité,BA,5.122
Conceição do Jacuípe,BA,5.101
Conde,BA,5.180
Condeúba,BA,5.154
Contendas do Sincorá,BA,4.979
Coração de Maria,BA,5.100
Cordeiros,BA,5.129
Coribe,BA,5.432
Coronel João Sá,BA,5.339
Correntina,BA,5.291
Cotegipe,BA,5.480
Cravolândia,BA,5.004
Cristópolis,BA,5.475
Crisópolis,BA,5.148
Cruz das Almas,BA,5.069
Curaçá,BA,5.511
Cândido Sales,BA,5.049
Cícero Dantas,BA,5.271
Dias d'Ávila,BA,5.100
Dom Basílio,BA,5.088
Dom Macedo Costa,BA,5.006
Dário Meira,BA,5.006
Elísio Medrado,BA,4.988
Encruzilhada,BA,4.963
Entre Rios,BA,5.105
Esplanada,BA,5.135
Euclides da Cunha,BA,5.243
Eunápolis,BA,4.977
Feira da Mata,BA,5.427
Feira de Santana,BA,5.091
Filadélfia,BA,5.197
Firmino Alves,BA,4.994
Floresta Azul,BA,4.995
Formosa do Rio Preto,BA,5.360
Fátima,BA,5.297
Gandu,BA,5.029
Gavião,BA,5.111
Gentio do Ouro,BA,5.375
Glória,BA,5.552
Gongogi,BA,5.028
Governador Mangabeira,BA,5.068
Guajeru,BA,5.170
Guanambi,BA,5.357
Guaratinga,BA,4.933
Heliópolis,BA,5.244
Iaçu,BA,4.952
Ibiassucê,BA,5.266
Ibicaraí,BA,4.985
Ibicoara,BA,4.997
Ibicuí,BA,5.011
Ibipeba,BA,5.296
Ibipitanga,BA,5.254
Ibiquera,BA,4.959
Ibirapitanga,BA,5.034
Ibirapuã,BA,4.766
Ibirataia,BA,5.023
Ibitiara,BA,5.262
Ibititá,BA,5.266
Ibotirama,BA,5.449
Ichu,BA,5.107
Igaporã,BA,5.346
Igrapiúna,BA,5.047
Iguaí,BA,5.005
Ilhéus,BA,5.018
Inhambupe,BA,5.099
Ipecaetá,BA,5.058
Ipiaú,BA,5.013
Ipirá,BA,5.025
Ipupiara,BA,5.334
Irajuba,BA,4.951
Iramaia,BA,4.957
Iraquara,BA,5.124
Irará,BA,5.112
Irecê,BA,5.286
Itabela,BA,4.928
Itaberaba,BA,4.950
Itabuna,BA,4.996
Itacaré,BA,5.049
Itaeté,BA,4.960
Itagi,BA,5.003
Itagibá,BA,5.012
Itagimirim,BA,4.980
Itaguaçu da Bahia,BA,5.433
Itaju do Colônia,BA,4.990
Itajuípe,BA,5.016
Itamaraju,BA,4.858
Itamari,BA,5.022
Itambé,BA,4.991
Itanagra,BA,5.087
Itanhém,BA,4.816
Itaparica,BA,5.075
Itapebi,BA,4.983
Itapetinga,BA,4.993
Itapicuru,BA,5.173
Itapitanga,BA,5.022
Itapé,BA,4.982
Itaquara,BA,4.997
Itarantim,BA,4.981
Itatim,BA,4.994
Itiruçu,BA,4.942
Itiúba,BA,5.199
Itororó,BA,4.992
Ituaçu,BA,5.013
Ituberá,BA,5.046
Iuiú,BA,5.388
Jaborandi,BA,5.263
Jacaraci,BA,5.212
Jacobina,BA,5.163
Jaguaquara,BA,4.984
Jaguarari,BA,5.335
Jaguaripe,BA,5.019
Jandaíra,BA,5.195
Jequié,BA,4.986
Jeremoabo,BA,5.376
Jiquiriçá,BA,4.998
Jitaúna,BA,5.003
João Dourado,BA,5.243
Juazeiro,BA,5.469
Jucuruçu,BA,4.868
Jussara,BA,5.388
Jussari,BA,4.983
Jussiape,BA,5.020
Lafaiete Coutinho,BA,4.946
Lagoa Real,BA,4.993
Laje,BA,4.769
Lajedinho,BA,4.935
Lajedo do Tabocal,BA,5.267
Lajedão,BA,5.028
Lamarão,BA,5.111
Lapão,BA,5.261
Lauro de Freitas,BA,5.097
Lençóis,BA,5.086
Licínio de Almeida,BA,5.280
Livramento de Nossa Senhora,BA,5.189
Luís Eduardo Magalhães,BA,5.325
Macajuba,BA,5.008
Macarani,BA,4.977
Macaúbas,BA,5.276
Macururé,BA,5.492
Madre de Deus,BA,5.095
Maetinga,BA,5.123
Maiquinique,BA,4.979
Mairi,BA,5.065
Malhada,BA,5.404
Malhada de Pedras,BA,5.173
Manoel Vitorino,BA,4.971
Mansidão,BA,5.507
Maracás,BA,4.941
Maragogipe,BA,5.062
Maraú,BA,5.052
Marcionílio Souza,BA,4.941
Mascote,BA,4.992
Mata de São João,BA,5.095
Matina,BA,5.383
Medeiros Neto,BA,4.796
Miguel Calmon,BA,5.127
Milagres,BA,4.985
Mirangaba,BA,5.256
Mirante,BA,4.978
Monte Santo,BA,5.257
Morpará,BA,5.420
Morro do Chapéu,BA,5.153
Mortugaba,BA,5.200
Mucugê,BA,5.014
Mucuri,BA,4.760
Mulungu do Morro,BA,5.136
Mundo Novo,BA,5.053
Muniz Ferreira,BA,5.011
Muquém de São Francisco,BA,5.474
Muritiba,BA,5.068
Mutuípe,BA,4.997
Nazaré,BA,5.028
Nilo Peçanha,BA,5.042
Nordestina,BA,5.182
Nova Canaã,BA,5.007
Nova Fátima,BA,5.107
Nova Ibiá,BA,5.026
Nova Itarana,BA,4.953
Nova Redenção,BA,4.969
Nova Soure,BA,5.133
Nova Viçosa,BA,4.773
Novo Horizonte,BA,5.231
Novo Triunfo,BA,5.300
Olindina,BA,5.129
Oliveira dos Brejinhos,BA,5.344
Ouriçangas,BA,5.118
Ourolândia,BA,5.299
Palmas de Monte Alto,BA,5.380
Palmeiras,BA,5.112
Paramirim,BA,5.222
Paratinga,BA,5.352
Paripiranga,BA,5.310
Pau Brasil,BA,4.990
Paulo Afonso,BA,5.468
Pedro Alexandre,BA,5.394
Pedrão,BA,5.108
Piatã,BA,5.122
Pilão Arcado,BA,5.581
Pindaí,BA,5.329
Pindobaçu,BA,5.220
Pintadas,BA,5.052
Piraí do Norte,BA,5.037
Piripá,BA,5.129
Piritiba,BA,5.083
Planaltino,BA,4.936
Planalto,BA,5.006
Pojuca,BA,5.098
Ponto Novo,BA,5.144
Porto Seguro,BA,4.947
Potiraguá,BA,4.984
Poções,BA,5.003
Prado,BA,4.864
Presidente Dutra,BA,5.304
Presidente Jânio Quadros,BA,5.144
Presidente Tancredo Neves,BA,5.014
Pé de Serra,BA,5.079
Queimadas,BA,5.162
Quijingue,BA,5.172
Quixabeira,BA,5.100
Rafael Jambeiro,BA,5.019
Remanso,BA,5.649
Retirolândia,BA,5.130
Riacho de Santana,BA,5.388
Riachão das Neves,BA,5.421
Riachão do Jacuípe,BA,5.087
Ribeira do Amparo,BA,5.162
Ribeira do Pombal,BA,5.198
Ribeirão do Largo,BA,4.974
Rio Real,BA,5.166
Rio de Contas,BA,5.078
Rio do Antônio,BA,5.207
Rio do Pires,BA,5.206
Rodelas,BA,5.520
Ruy Barbosa,BA,5.008
Salinas da Margarida,BA,5.065
Salvador,BA,5.089
Santa Brígida,BA,5.415
Santa Bárbara,BA,5.114
Santa Cruz Cabrália,BA,4.979
Santa Cruz da Vitória,BA,4.992
Santa Inês,BA,4.991
Santa Luzia,BA,4.997
Santa Maria da Vitória,BA,5.427
Santa Rita de Cássia,BA,5.475
Santa Teresinha,BA,5.000
Santaluz,BA,5.158
Santana,BA,5.420
Santanópolis,BA,5.107
Santo Amaro,BA,5.092
Santo Antônio de Jesus,BA,5.000
Santo Estêvão,BA,5.059
Sapeaçu,BA,5.058
Saubara,BA,5.077
Saúde,BA,5.192
Seabra,BA,5.180
Sebastião Laranjeiras,BA,5.357
Senhor do Bonfim,BA,5.237
Sento Sé,BA,5.492
Serra Dourada,BA,5.442
Serra Preta,BA,5.060
Serra do Ramalho,BA,5.417
Serrinha,BA,5.106
Serrolândia,BA,5.093
Simões Filho,BA,5.097
Sobradinho,BA,5.493
Souto Soares,BA,5.188
Sátiro Dias,BA,5.109
São Desidério,BA,5.327
São Domingos,BA,5.129
São Felipe,BA,5.040
São Francisco do Conde,BA,5.101
São Félix,BA,5.072
São Félix do Coribe,BA,5.424
São Gabriel,BA,5.328
São Gonçalo dos Campos,BA,5.086
São José da Vitória,BA,4.986
São José do Jacuípe,BA,5.104
São Miguel das Matas,BA,4.991
São Sebastião do Passé,BA,5.103
Sítio do Mato,BA,5.415
Sítio do Quinto,BA,5.331
Tabocas do Brejo Velho,BA,5.473
Tanhaçu,BA,5.007
Tanque Novo,BA,5.286
Tanquinho,BA,5.111
Taperoá,BA,5.040
Tapiramutá,BA,5.085
Teixeira de Freitas,BA,4.813
Teodoro Sampaio,BA,5.107
Teofilândia,BA,5.122
Teolândia,BA,5.022
Terra Nova,BA,5.108
Tremedal,BA,5.094
Tucano,BA,5.149
Uauá,BA,5.377
Ubaitaba,BA,5.042
Ubatã,BA,5.029
Ubaíra,BA,4.990
Uibaí,BA,5.303
Umburanas,BA,5.352
Una,BA,4.992
Urandi,BA,5.311
Uruçuca,BA,5.037
Utinga,BA,5.078
Valente,BA,5.147
Valença,BA,5.015
Varzedo,BA,4.992
Vera Cruz,BA,5.068
Vereda,BA,4.828
Vitória da Conquista,BA,5.001
Várzea Nova,BA,5.174
Várzea da Roça,BA,5.081
Várzea do Poço,BA,5.082
Wagner,BA,5.079
Wanderley,BA,5.489
Wenceslau Guimarães,BA,5.021
Xique-Xique,BA,5.470
Água Fria,BA,5.104
Érico Cardoso,BA,5.192
Abaiara,CE,5.711
Acarape,CE,5.543
Acaraú,CE,5.495
Acopiara,CE,5.626
Aiuaba,CE,5.598
Alcântaras,CE,5.526
Altaneira,CE,5.640
Alto Santo,CE,5.756
Amontada,CE,5.475
Antonina do Norte,CE,5.620
Apuiarés,CE,5.472
Aquiraz,CE,5.576
Aracati,CE,5.700
Aracoiaba,CE,5.536
Ararendá,CE,5.463
Araripe,CE,5.621
Aratuba,CE,5.515
Arneiroz,CE,5.566
Assaré,CE,5.631
Aurora,CE,5.739
Baixio,CE,5.780
Banabuiú,CE,5.588
Barbalha,CE,5.687
Barreira,CE,5.547
Barro,CE,5.749
Barroquinha,CE,5.558
Baturité,CE,5.519
Beberibe,CE,5.586
Bela Cruz,CE,5.508
Boa Viagem,CE,5.425
Brejo Santo,CE,5.699
Camocim,CE,5.540
Campos Sales,CE,5.606
Canindé,CE,5.463
Capistrano,CE,5.518
Caridade,CE,5.491
Caririaçu,CE,5.706
Cariré,CE,5.490
Cariús,CE,5.665
Carnaubal,CE,5.514
Cascavel,CE,5.573
Catarina,CE,5.584
Catunda,CE,5.396
Caucaia,CE,5.526
Cedro,CE,5.708
Chaval,CE,5.552
Chorozinho,CE,5.561
Choró,CE,5.516
Coreaú,CE,5.528
Crateús,CE,5.498
Crato,CE,5.679
Croatá,CE,5.508
Cruz,CE,5.515
Deputado Irapuan Pinheiro,CE,5.678
Ererê,CE,5.817
Eusébio,CE,5.579
Farias Brito,CE,5.655
Forquilha,CE,5.426
Fortaleza,CE,5.553
Fortim,CE,5.621
Frecheirinha,CE,5.530
General Sampaio,CE,5.461
Granja,CE,5.544
Granjeiro,CE,5.703
Graça,CE,5.499
Groaíras,CE,5.442
Guaiúba,CE,5.541
Guaraciaba do Norte,CE,5.511
Guaramiranga,CE,5.534
Hidrolândia,CE,5.433
Horizonte,CE,5.567
Ibaretama,CE,5.558
Ibiapina,CE,5.515
Ibicuitinga,CE,5.574
Icapuí,CE,5.721
Icó,CE,5.779
Iguatu,CE,5.670
Independência,CE,5.503
Ipaporanga,CE,5.471
Ipaumirim,CE,5.782
Ipu,CE,5.492
Ipueiras,CE,5.489
Iracema,CE,5.793
Irauçuba,CE,5.452
Itaitinga,CE,5.558
Itaiçaba,CE,5.684
Itapajé,CE,5.462
Itapipoca,CE,5.475
Itapiúna,CE,5.529
Itarema,CE,5.485
Itatira,CE,5.441
Jaguaretama,CE,5.673
Jaguaribara,CE,5.756
Jaguaribe,CE,5.780
Jaguaruana,CE,5.691
Jardim,CE,5.665
Jati,CE,5.679
Jijoca de Jericoacoara,CE,5.534
Juazeiro do Norte,CE,5.709
Jucás,CE,5.637
Lavras da Mangabeira,CE,5.732
Limoeiro do Norte,CE,5.693
Madalena,CE,5.449
Maracanaú,CE,5.543
Maranguape,CE,5.535
Marco,CE,5.499
Martinópole,CE,5.536
Massapê,CE,5.491
Mauriti,CE,5.728
Meruoca,CE,5.522
Milagres,CE,5.726
Milhã,CE,5.606
Miraíma,CE,5.458
Missão Velha,CE,5.713
Mombaça,CE,5.568
Monsenhor Tabosa,CE,5.401
Morada Nova,CE,5.615
Moraújo,CE,5.532
Morrinhos,CE,5.484
Mucambo,CE,5.506
Mulungu,CE,5.519
Nova Olinda,CE,5.645
Nova Russas,CE,5.453
Novo Oriente,CE,5.533
Ocara,CE,5.559
Orós,CE,5.744
Pacajus,CE,5.561
Pacatuba,CE,5.552
Pacoti,CE,5.530
Pacujá,CE,5.497
Palhano,CE,5.607
Palmácia,CE,5.532
Paracuru,CE,5.497
Paraipaba,CE,5.493
Parambu,CE,5.583
Paramoti,CE,5.465
Pedra Branca,CE,5.508
Penaforte,CE,5.662
Pentecoste,CE,5.485
Pereiro,CE,5.806
Pindoretama,CE,5.578
Piquet Carneiro,CE,5.622
Pires Ferreira,CE,5.487
Poranga,CE,5.500
Porteiras,CE,5.689
Potengi,CE,5.616
Potiretama,CE,5.811
Quiterianópolis,CE,5.555
Quixadá,CE,5.560
Quixelô,CE,5.697
Quixeramobim,CE,5.503
Quixeré,CE,5.685
Redenção,CE,5.529
Reriutaba,CE,5.489
Russas,CE,5.604
Saboeiro,CE,5.603
Salitre,CE,5.620
Santa Quitéria,CE,5.417
Santana do Acaraú,CE,5.471
Santana do Cariri,CE,5.635
Senador Pompeu,CE,5.565
Senador Sá,CE,5.513
Sobral,CE,5.460
Solonópole,CE,5.702
São Benedito,CE,5.511
São Gonçalo do Amarante,CE,5.498
São João do Jaguaribe,CE,5.714
São Luís do Curu,CE,5.484
Tabuleiro do Norte,CE,5.729
Tamboril,CE,5.432
Tarrafas,CE,5.632
Tauá,CE,5.553
Tejuçuoca,CE,5.454
Tianguá,CE,5.530
Trairi,CE,5.489
Tururu,CE,5.480
Ubajara,CE,5.525
Umari,CE,5.779
Umirim,CE,5.477
Uruburetama,CE,5.473
Uruoca,CE,5.535
Varjota,CE,5.465
Viçosa do Ceará,CE,5.537
Várzea Alegre,CE,5.690
Brasília,DF,5.042
Afonso Cláudio,ES,4.718
Alegre,ES,4.691
Alfredo Chaves,ES,4.682
Alto Rio Novo,ES,4.675
Anchieta,ES,4.683
Apiacá,ES,4.691
Aracruz,ES,4.731
Atilio Vivacqua,ES,4.697
Baixo Guandu,ES,4.706
Barra de São Francisco,ES,4.675
Boa Esperança,ES,4.730
Bom Jesus do Norte,ES,4.687
Brejetuba,ES,4.722
Cachoeiro de Itapemirim,ES,4.692
Cariacica,ES,4.686
Castelo,ES,4.689
Colatina,ES,4.729
Conceição da Barra,ES,4.760
Conceição do Castelo,ES,4.707
Divino de São Lourenço,ES,4.699
Domingos Martins,ES,4.695
Dores do Rio Preto,ES,4.686
Ecoporanga,ES,4.685
Fundão,ES,4.721
Governador Lindenberg,ES,4.716
Guarapari,ES,4.684
Guaçuí,ES,4.683
Ibatiba,ES,4.725
Ibiraçu,ES,4.732
Ibitirama,ES,4.712
Iconha,ES,4.682
Irupi,ES,4.723
Itaguaçu,ES,4.713
Itapemirim,ES,4.699
Itarana,ES,4.713
Iúna,ES,4.718
Jaguaré,ES,4.709
Jerônimo Monteiro,ES,4.689
João Neiva,ES,4.734
Laranja da Terra,ES,4.715
Linhares,ES,4.709
Mantenópolis,ES,4.676
Marataízes,ES,4.697
Marechal Floriano,ES,4.682
Marilândia,ES,4.729
Mimoso do Sul,ES,4.698
Montanha,ES,4.738
Mucurici,ES,4.717
Muniz Freire,ES,4.707
Muqui,ES,4.692
Nova Venécia,ES,4.704
Pancas,ES,4.705
Pedro Canário,ES,4.743
Pinheiros,ES,4.737
Piúma,ES,4.681
Ponto Belo,ES,4.724
Presidente Kennedy,ES,4.698
Rio Bananal,ES,4.708
Rio Novo do Sul,ES,4.686
Santa Leopoldina,ES,4.701
Santa Maria de Jetibá,ES,4.712
Santa Teresa,ES,4.722
Serra,ES,4.692
Sooretama,ES,4.707
São Domingos do Norte,ES,4.713
São Gabriel da Palha,ES,4.705
São José do Calçado,ES,4.682
São Mateus,ES,4.728
São Roque do Canaã,ES,4.734
Vargem Alta,ES,4.685
Venda Nova do Imigrante,ES,4.692
Viana,ES,4.685
Vila Pavão,ES,4.695
Vila Valério,ES,4.709
Vila Velha,ES,4.680
Vitória,ES,4.683
Água Doce do Norte,ES,4.664
Águia Branca,ES,4.694
Abadia de Goiás,GO,5.054
Abadiânia,GO,5.036
Acreúna,GO,5.057
Adelândia,GO,5.022
Alexânia,GO,5.041
Aloândia,GO,5.085
Alto Horizonte,GO,5.084
Alto Paraíso de Goiás,GO,5.088
Alvorada do Norte,GO,5.097
Amaralina,GO,5.095
Americano do Brasil,GO,5.030
Amorinópolis,GO,5.012
Anhanguera,GO,5.106
Anicuns,GO,5.032
Anápolis,GO,5.036
Aparecida de Goiânia,GO,5.050
Aparecida do Rio Doce,GO,5.083
Aporé,GO,5.065
Aragarças,GO,4.999
Aragoiânia,GO,5.070
Araguapaz,GO,5.032
Araçu,GO,5.040
Arenópolis,GO,5.009
Aruanã,GO,5.034
Aurilândia,GO,5.027
Avelinópolis,GO,5.045
Baliza,GO,4.996
Barro Alto,GO,5.049
Bela Vista de Goiás,GO,5.055
Bom Jardim de Goiás,GO,4.999
Bom Jesus de Goiás,GO,5.106
Bonfinópolis,GO,5.043
Bonópolis,GO,5.100
Brazabrantes,GO,5.033
Britânia,GO,5.019
Buriti Alegre,GO,5.116
Buriti de Goiás,GO,5.018
Buritinópolis,GO,5.138
Cabeceiras,GO,5.050
Cachoeira Alta,GO,5.098
Cachoeira Dourada,GO,5.131
Cachoeira de Goiás,GO,5.021
Caiapônia,GO,5.011
Caldas Novas,GO,5.074
Caldazinha,GO,5.049
Campestre de Goiás,GO,5.063
Campinaçu,GO,5.121
Campinorte,GO,5.098
Campo Alegre de Goiás,GO,5.047
Campo Limpo de Goiás,GO,5.035
Campos Belos,GO,5.216
Campos Verdes,GO,5.081
Carmo do Rio Verde,GO,5.025
Castelândia,GO,5.102
Catalão,GO,5.062
Caturaí,GO,5.042
Cavalcante,GO,5.120
Caçu,GO,5.105
Ceres,GO,5.027
Cezarina,GO,5.070
Chapadão do Céu,GO,5.051
Cidade Ocidental,GO,5.024
Cocalzinho de Goiás,GO,5.038
Colinas do Sul,GO,5.115
Corumbaíba,GO,5.109
Corumbá de Goiás,GO,5.035
Cristalina,GO,5.035
Cristianópolis,GO,5.061
Crixás,GO,5.041
Cromínia,GO,5.081
Cumari,GO,5.108
Córrego do Ouro,GO,5.020
Damianópolis,GO,5.144
Damolândia,GO,5.032
Davinópolis,GO,5.059
Diorama,GO,5.010
Divinópolis de Goiás,GO,5.196
Doverlândia,GO,4.999
Edealina,GO,5.073
Edéia,GO,5.066
Estrela do Norte,GO,5.105
Faina,GO,5.024
Fazenda Nova,GO,5.015
Firminópolis,GO,5.037
Flores de Goiás,GO,5.084
Formosa,GO,5.046
Formoso,GO,5.117
Gameleira de Goiás,GO,5.041
Goiandira,GO,5.090
Goianira,GO,5.036
Goianápolis,GO,5.039
Goianésia,GO,5.035
Goiatuba,GO,5.095
Goiás,GO,5.023
Goiânia,GO,5.042
Gouvelândia,GO,5.126
Guapó,GO,5.069
Guarani de Goiás,GO,5.151
Guaraíta,GO,5.021
Guarinos,GO,5.044
Heitoraí,GO,5.026
Hidrolina,GO,5.059
Hidrolândia,GO,5.070
Iaciara,GO,5.115
Inaciolândia,GO,5.127
Indiara,GO,5.064
Inhumas,GO,5.034
Ipameri,GO,5.049
Ipiranga de Goiás,GO,5.029
Iporá,GO,5.009
Israelândia,GO,5.014
Itaberaí,GO,5.032
Itaguari,GO,5.030
Itaguaru,GO,5.027
Itajá,GO,5.103
Itapaci,GO,5.037
Itapirapuã,GO,5.019
Itapuranga,GO,5.023
Itarumã,GO,5.102
Itauçu,GO,5.033
Itumbiara,GO,5.127
Ivolândia,GO,5.015
Jandaia,GO,5.060
Jaraguá,GO,5.029
Jataí,GO,5.054
Jaupaci,GO,5.010
Jesúpolis,GO,5.028
Joviânia,GO,5.086
Jussara,GO,5.013
Lagoa Santa,GO,5.112
Leopoldo de Bulhões,GO,5.043
Luziânia,GO,5.031
Mairipotaba,GO,5.079
Mambaí,GO,5.163
Mara Rosa,GO,5.093
Marzagão,GO,5.102
Matrinchã,GO,5.027
Maurilândia,GO,5.096
Mimoso de Goiás,GO,5.040
Minaçu,GO,5.144
Mineiros,GO,5.019
Moiporá,GO,5.017
Monte Alegre de Goiás,GO,5.157
Montes Claros de Goiás,GO,5.006
Montividiu,GO,5.023
Montividiu do Norte,GO,5.158
Morrinhos,GO,5.089
Morro Agudo de Goiás,GO,5.026
Mossâmedes,GO,5.024
Mozarlândia,GO,5.036
Mundo Novo,GO,5.086
Mutunópolis,GO,5.105
Nazário,GO,5.047
Nerópolis,GO,5.036
Niquelândia,GO,5.078
Nova América,GO,5.032
Nova Aurora,GO,5.099
Nova Crixás,GO,5.065
Nova Glória,GO,5.037
Nova Iguaçu de Goiás,GO,5.075
Nova Roma,GO,5.114
Nova Veneza,GO,5.034
Novo Brasil,GO,5.015
Novo Gama,GO,5.032
Novo Planalto,GO,5.118
Orizona,GO,5.032
Ouro Verde de Goiás,GO,5.033
Ouvidor,GO,5.064
Padre Bernardo,GO,5.039
Palestina de Goiás,GO,5.014
Palmeiras de Goiás,GO,5.059
Palmelo,GO,5.033
Palminópolis,GO,5.056
Panamá,GO,5.124
Paranaiguara,GO,5.120
Paraúna,GO,5.037
Perolândia,GO,5.023
Petrolina de Goiás,GO,5.031
Pilar de Goiás,GO,5.058
Piracanjuba,GO,5.079
Piranhas,GO,5.003
Pirenópolis,GO,5.033
Pires do Rio,GO,5.037
Planaltina,GO,5.037
Pontalina,GO,5.080
Porangatu,GO,5.130
Porteirão,GO,5.085
Portelândia,GO,5.010
Posse,GO,5.126
Professor Jamil,GO,5.081
Quirinópolis,GO,5.107
Rialma,GO,5.028
Rianápolis,GO,5.030
Rio Quente,GO,5.079
Rio Verde,GO,5.057
Rubiataba,GO,5.030
Sanclerlândia,GO,5.019
Santa Bárbara de Goiás,GO,5.049
Santa Cruz de Goiás,GO,5.055
Santa Fé de Goiás,GO,5.018
Santa Helena de Goiás,GO,5.070
Santa Isabel,GO,5.035
Santa Rita do Araguaia,GO,5.006
Santa Rita do Novo Destino,GO,5.050
Santa Rosa de Goiás,GO,5.031
Santa Tereza de Goiás,GO,5.121
Santa Terezinha de Goiás,GO,5.072
Santo Antônio da Barra,GO,5.051
Santo Antônio de Goiás,GO,5.035
Santo Antônio do Descoberto,GO,5.043
Senador Canedo,GO,5.049
Serranópolis,GO,5.046
Silvânia,GO,5.045
Simolândia,GO,5.103
São Domingos,GO,5.177
São Francisco de Goiás,GO,5.030
São João d'Aliança,GO,5.076
São João da Paraúna,GO,5.043
São Luiz do Norte,GO,5.049
São Luís de Montes Belos,GO,5.025
São Miguel do Araguaia,GO,5.107
São Miguel do Passa Quatro,GO,5.041
São Patrício,GO,5.026
São Simão,GO,5.140
Sítio d'Abadia,GO,5.114
Taquaral de Goiás,GO,5.031
Teresina de Goiás,GO,5.113
Terezópolis de Goiás,GO,5.038
Trindade,GO,5.049
Trombas,GO,5.143
Três Ranchos,GO,5.075
Turvelândia,GO,5.074
Turvânia,GO,5.034
Uirapuru,GO,5.078
Uruana,GO,5.025
Uruaçu,GO,5.074
Urutaí,GO,5.036
Valparaíso de Goiás,GO,5.028
Varjão,GO,5.072
Vianópolis,GO,5.041
Vicentinópolis,GO,5.070
Vila Boa,GO,5.063
Vila Propício,GO,5.037
Água Fria de Goiás,GO,5.041
Água Limpa,GO,5.112
Águas Lindas de Goiás,GO,5.043
Afonso Cunha,MA,5.443
Alcântara,MA,5.225
Aldeias Altas,MA,5.419
Altamira do Maranhão,MA,5.133
Alto Alegre do Maranhão,MA,5.270
Alto Alegre do Pindaré,MA,5.118
Alto Parnaíba,MA,5.292
Amapá do Maranhão,MA,5.140
Amarante do Maranhão,MA,5.085
Anajatuba,MA,5.238
Anapurus,MA,5.462
Apicum-Açu,MA,5.168
Araguanã,MA,5.145
Araioses,MA,5.521
Arame,MA,5.102
Arari,MA,5.246
Axixá,MA,5.266
Açailândia,MA,5.041
Bacabal,MA,5.247
Bacabeira,MA,5.249
Bacuri,MA,5.168
Bacurituba,MA,5.223
Balsas,MA,5.219
Barra do Corda,MA,5.152
Barreirinhas,MA,5.444
Barão de Grajaú,MA,5.462
Bela Vista do Maranhão,MA,5.190
Belágua,MA,5.393
Benedito Leite,MA,5.298
Bequimão,MA,5.218
Bernardo do Mearim,MA,5.223
Boa Vista do Gurupi,MA,5.136
Bom Jardim,MA,5.104
Bom Jesus das Selvas,MA,5.091
Bom Lugar,MA,5.216
Brejo,MA,5.502
Brejo de Areia,MA,5.128
Buriti,MA,5.485
Buriti Bravo,MA,5.334
Buriticupu,MA,5.100
Buritirana,MA,5.042
Cachoeira Grande,MA,5.304
Cajapió,MA,5.228
Cajari,MA,5.208
Campestre do Maranhão,MA,5.069
Cantanhede,MA,5.288
Capinzal do Norte,MA,5.259
Carolina,MA,5.120
Carutapera,MA,5.138
Caxias,MA,5.423
Cedral,MA,5.227
Central do Maranhão,MA,5.216
Centro Novo do Maranhão,MA,5.120
Centro do Guilherme,MA,5.139
Chapadinha,MA,5.401
Cidelândia,MA,5.012
Codó,MA,5.326
Coelho Neto,MA,5.471
Colinas,MA,5.309
Conceição do Lago-Açu,MA,5.232
Coroatá,MA,5.307
Cururupu,MA,5.187
Cândido Mendes,MA,5.144
Davinópolis,MA,5.039
Dom Pedro,MA,5.250
Duque Bacelar,MA,5.487
Esperantinópolis,MA,5.184
Estreito,MA,5.086
Feira Nova do Maranhão,MA,5.114
Fernando Falcão,MA,5.166
Formosa da Serra Negra,MA,5.129
Fortaleza dos Nogueiras,MA,5.164
Fortuna,MA,5.304
Godofredo Viana,MA,5.143
Gonçalves Dias,MA,5.265
Governador Archer,MA,5.263
Governador Edison Lobão,MA,5.038
Governador Eugênio Barros,MA,5.270
Governador Luiz Rocha,MA,5.273
Governador Newton Bello,MA,5.137
Governador Nunes Freire,MA,5.144
Grajaú,MA,5.103
Graça Aranha,MA,5.256
Guimarães,MA,5.222
Humberto de Campos,MA,5.371
Icatu,MA,5.292
Igarapé Grande,MA,5.209
Igarapé do Meio,MA,5.199
Imperatriz,MA,5.020
Itaipava do Grajaú,MA,5.106
Itapecuru Mirim,MA,5.277
Itinga do Maranhão,MA,5.060
Jatobá,MA,5.285
Jenipapo dos Vieiras,MA,5.105
Joselândia,MA,5.197
João Lisboa,MA,5.038
Junco do Maranhão,MA,5.137
Lago Verde,MA,5.223
Lago da Pedra,MA,5.139
Lago do Junco,MA,5.194
Lago dos Rodrigues,MA,5.199
Lagoa Grande do Maranhão,MA,5.126
Lagoa do Mato,MA,5.394
Lajeado Novo,MA,5.083
Lima Campos,MA,5.250
Loreto,MA,5.240
Luís Domingues,MA,5.142
Magalhães de Almeida,MA,5.527
Maracaçumé,MA,5.139
Marajá do Sena,MA,5.121
Maranhãozinho,MA,5.141
Mata Roma,MA,5.438
Matinha,MA,5.208
Matões,MA,5.417
Matões do Norte,MA,5.276
Milagres do Maranhão,MA,5.503
Mirador,MA,5.224
Miranda do Norte,MA,5.266
Mirinzal,MA,5.202
Montes Altos,MA,5.066
Monção,MA,5.189
Morros,MA,5.330
Nina Rodrigues,MA,5.334
Nova Colinas,MA,5.156
Nova Iorque,MA,5.332
Nova Olinda do Maranhão,MA,5.141
Olho d'Água das Cunhãs,MA,5.203
Olinda Nova do Maranhão,MA,5.208
Palmeirândia,MA,5.213
Paraibano,MA,5.348
Parnarama,MA,5.385
Passagem Franca,MA,5.366
Pastos Bons,MA,5.317
Paulino Neves,MA,5.463
Paulo Ramos,MA,5.137
Paço do Lumiar,MA,5.268
Pedreiras,MA,5.239
Pedro do Rosário,MA,5.187
Penalva,MA,5.201
Peri Mirim,MA,5.216
Peritoró,MA,5.278
Pindaré-Mirim,MA,5.157
Pinheiro,MA,5.194
Pio XII,MA,5.197
Pirapemas,MA,5.296
Porto Franco,MA,5.077
Porto Rico do Maranhão,MA,5.225
Poção de Pedras,MA,5.191
Presidente Dutra,MA,5.244
Presidente Juscelino,MA,5.279
Presidente Médici,MA,5.147
Presidente Sarney,MA,5.157
Presidente Vargas,MA,5.309
Primeira Cruz,MA,5.394
Raposa,MA,5.267
Riachão,MA,5.160
Ribamar Fiquene,MA,5.050
Rosário,MA,5.261
Sambaíba,MA,5.239
Santa Filomena do Maranhão,MA,5.219
Santa Helena,MA,5.158
Santa Inês,MA,5.162
Santa Luzia,MA,5.114
Santa Luzia do Paruá,MA,5.147
Santa Quitéria do Maranhão,MA,5.465
Santa Rita,MA,5.257
Santana do Maranhão,MA,5.487
Santo Amaro do Maranhão,MA,5.414
Santo Antônio dos Lopes,MA,5.245
Satubinha,MA,5.189
Senador Alexandre Costa,MA,5.275
Senador La Rocque,MA,5.039
Serrano do Maranhão,MA,5.179
Sucupira do Norte,MA,5.301
Sucupira do Riachão,MA,5.414
São Benedito do Rio Preto,MA,5.365
São Bento,MA,5.211
São Bernardo,MA,5.507
São Domingos do Azeitão,MA,5.273
São Domingos do Maranhão,MA,5.254
São Francisco do Brejão,MA,5.024
São Francisco do Maranhão,MA,5.447
São Félix de Balsas,MA,5.260
São José de Ribamar,MA,5.268
São José dos Basílios,MA,5.237
São João Batista,MA,5.224
São João do Carú,MA,5.110
São João do Paraíso,MA,5.091
São João do Soter,MA,5.315
São João dos Patos,MA,5.403
São Luís,MA,5.246
São Luís Gonzaga do Maranhão,MA,5.248
São Mateus do Maranhão,MA,5.273
São Pedro da Água Branca,MA,5.006
São Pedro dos Crentes,MA,5.102
São Raimundo das Mangabeiras,MA,5.181
São Raimundo do Doca Bezerra,MA,5.149
São Roberto,MA,5.159
São Vicente Ferrer,MA,5.215
Sítio Novo,MA,5.092
Tasso Fragoso,MA,5.274
Timbiras,MA,5.356
Timon,MA,5.480
Trizidela do Vale,MA,5.234
Tufilândia,MA,5.145
Tuntum,MA,5.202
Turiaçu,MA,5.154
Turilândia,MA,5.157
Tutóia,MA,5.484
Urbano Santos,MA,5.409
Vargem Grande,MA,5.337
Viana,MA,5.211
Vila Nova dos Martírios,MA,5.008
Vitorino Freire,MA,5.166
Vitória do Mearim,MA,5.216
Zé Doca,MA,5.142
Água Doce do Maranhão,MA,5.498
Abadia dos Dourados,MG,5.058
Abaeté,MG,4.981
Abre Campo,MG,4.662
Acaiaca,MG,4.685
Aguanil,MG,4.784
Aimorés,MG,4.701
Aiuruoca,MG,4.587
Alagoa,MG,4.511
Albertina,MG,4.677
Alfenas,MG,4.743
Alfredo Vasconcelos,MG,4.548
Almenara,MG,4.906
Alpercata,MG,4.642
Alpinópolis,MG,4.849
Alterosa,MG,4.774
Alto Caparaó,MG,4.699
Alto Jequitibá,MG,4.697
Alto Rio Doce,MG,4.553
Alvarenga,MG,4.665
Alvinópolis,MG,4.702
Alvorada de Minas,MG,4.770
Além Paraíba,MG,4.388
Amparo do Serra,MG,4.644
Andradas,MG,4.699
Andrelândia,MG,4.543
Angelândia,MG,4.716
Antônio Carlos,MG,4.519
Antônio Dias,MG,4.647
Antônio Prado de Minas,MG,4.632
Aracitaba,MG,4.523
Araguari,MG,5.114
Arantina,MG,4.478
Araponga,MG,4.652
Araporã,MG,5.140
Arapuá,MG,5.024
Araxá,MG,5.071
Araçaí,MG,4.917
Araçuaí,MG,4.807
Araújos,MG,4.955
Arceburgo,MG,4.867
Arcos,MG,4.896
Areado,MG,4.768
Argirita,MG,4.408
Aricanduva,MG,4.715
Arinos,MG,5.091
Astolfo Dutra,MG,4.512
Ataléia,MG,4.676
Augusto de Lima,MG,5.002
Açucena,MG,4.593
Baependi,MG,4.602
Baldim,MG,4.841
Bambuí,MG,4.940
Bandeira,MG,4.933
Bandeira do Sul,MG,4.739
Barbacena,MG,4.554
Barra Longa,MG,4.685
Barroso,MG,4.602
Barão de Cocais,MG,4.754
Barão de Monte Alto,MG,4.587
Bela Vista de Minas,MG,4.672
Belmiro Braga,MG,4.395
Belo Horizonte,MG,4.880
Belo Oriente,MG,4.598
Belo Vale,MG,4.843
Berilo,MG,4.909
Berizal,MG,5.037
Bertópolis,MG,4.837
Betim,MG,4.911
Bias Fortes,MG,4.476
Bicas,MG,4.389
Biquinhas,MG,5.039
Boa Esperança,MG,4.781
Bocaina de Minas,MG,4.475
Bocaiúva,MG,5.014
Bom Despacho,MG,4.967
Bom Jardim de Minas,MG,4.427
Bom Jesus da Penha,MG,4.841
Bom Jesus do Amparo,MG,4.745
Bom Jesus do Galho,MG,4.624
Bom Repouso,MG,4.531
Bom Sucesso,MG,4.801
Bonfim,MG,4.910
Bonfinópolis de Minas,MG,5.109
Bonito de Minas,MG,5.271
Borda da Mata,MG,4.556
Botelhos,MG,4.767
Botumirim,MG,4.953
Brasilândia de Minas,MG,5.138
Brasília de Minas,MG,5.264
Brazópolis,MG,4.493
Braúnas,MG,4.601
Brumadinho,MG,4.901
Brás Pires,MG,4.555
Bueno Brandão,MG,4.510
Buenópolis,MG,5.019
Bugre,MG,4.605
Buritis,MG,5.061
Buritizeiro,MG,5.144
Cabeceira Grande,MG,5.048
Cabo Verde,MG,4.807
Cachoeira Dourada,MG,5.142
Cachoeira da Prata,MG,4.943
Cachoeira de Minas,MG,4.524
Cachoeira de Pajeú,MG,4.990
Caetanópolis,MG,4.944
Caeté,MG,4.773
Caiana,MG,4.677
Cajuri,MG,4.630
Caldas,MG,4.681
Camacho,MG,4.867
Camanducaia,MG,4.429
Cambuquira,MG,4.699
Cambuí,MG,4.491
Campanha,MG,4.673
Campanário,MG,4.654
Campestre,MG,4.707
Campina Verde,MG,5.195
Campo Azul,MG,5.209
Campo Belo,MG,4.794
Campo Florido,MG,5.177
Campo do Meio,MG,4.768
Campos Altos,MG,4.999
Campos Gerais,MG,4.753
Cana Verde,MG,4.789
Canaã,MG,4.635
Candeias,MG,4.830
Cantagalo,MG,4.631
Canápolis,MG,5.151
Caparaó,MG,4.704
Capela Nova,MG,4.569
Capelinha,MG,4.745
Capetinga,MG,4.999
Capim Branco,MG,4.931
Capinópolis,MG,5.142
Capitão Andrade,MG,4.650
Capitão Enéas,MG,5.247
Capitólio,MG,4.845
Caputira,MG,4.659
Caranaíba,MG,4.606
Carandaí,MG,4.592
Carangola,MG,4.674
Caratinga,MG,4.649
Caraí,MG,4.748
Carbonita,MG,4.895
Careaçu,MG,4.573
Carlos Chagas,MG,4.719
Carmo da Cachoeira,MG,4.759
Carmo da Mata,MG,4.861
Carmo de Minas,MG,4.570
Carmo do Cajuru,MG,4.956
Carmo do Paranaíba,MG,5.036
Carmo do Rio Claro,MG,4.796
Carmésia,MG,4.727
Carmópolis de Minas,MG,4.866
Carneirinho,MG,5.158
Carrancas,MG,4.744
Carvalhos,MG,4.512
Carvalhópolis,MG,4.670
Casa Grande,MG,4.722
Cascalho Rico,MG,5.097
Cataguases,MG,4.519
Catas Altas,MG,4.739
Catas Altas da Noruega,MG,4.691
Catuji,MG,4.727
Catuti,MG,5.292
Caxambu,MG,4.624
Cedro do Abaeté,MG,4.975
Central de Minas,MG,4.683
Centralina,MG,5.144
Chalé,MG,4.733
Chapada Gaúcha,MG,5.189
Chapada do Norte,MG,4.823
Chiador,MG,4.363
Chácara,MG,4.445
Cipotânea,MG,4.554
Claraval,MG,5.078
Claro dos Poções,MG,5.120
Cláudio,MG,4.903
Coimbra,MG,4.621
Coluna,MG,4.649
Comendador Gomes,MG,5.191
Comercinho,MG,4.981
Conceição da Aparecida,MG,4.795
Conceição da Barra de Minas,MG,4.768
Conceição das Alagoas,MG,5.160
Conceição das Pedras,MG,4.554
Conceição de Ipanema,MG,4.723
Conceição do Mato Dentro,MG,4.802
Conceição do Pará,MG,4.958
Conceição do Rio Verde,MG,4.697
Conceição dos Ouros,MG,4.512
Confins,MG,4.896
Congonhal,MG,4.568
Congonhas,MG,4.757
Congonhas do Norte,MG,4.842
Conquista,MG,5.120
Conselheiro Lafaiete,MG,4.718
Conselheiro Pena,MG,4.665
Consolação,MG,4.504
Contagem,MG,4.897
Coqueiral,MG,4.773
Coração de Jesus,MG,5.210
Cordisburgo,MG,4.901
Cordislândia,MG,4.671
Corinto,MG,5.032
Coroaci,MG,4.612
Coromandel,MG,5.071
Coronel Fabriciano,MG,4.610
Coronel Murta,MG,4.911
Coronel Pacheco,MG,4.479
Coronel Xavier Chaves,MG,4.749
Couto de Magalhães de Minas,MG,4.877
Cristais,MG,4.796
Cristiano Otoni,MG,4.665
Cristina,MG,4.550
Cristália,MG,4.999
Crisólita,MG,4.783
Crucilândia,MG,4.905
Cruzeiro da Fortaleza,MG,5.081
Cruzília,MG,4.715
Cuparaque,MG,4.668
Curral de Dentro,MG,5.030
Curvelo,MG,4.935
Cássia,MG,4.988
Córrego Danta,MG,4.977
Córrego Fundo,MG,4.862
Córrego Novo,MG,4.636
Córrego do Bom Jesus,MG,4.477
Cônego Marinho,MG,5.335
Datas,MG,4.842
Delfim Moreira,MG,4.468
Delfinópolis,MG,4.985
Delta,MG,5.133
Descoberto,MG,4.493
Desterro de Entre Rios,MG,4.812
Desterro do Melo,MG,4.545
Diamantina,MG,4.925
Diogo de Vasconcelos,MG,4.685
Dionísio,MG,4.646
Divino,MG,4.687
Divino das Laranjeiras,MG,4.666
Divinolândia de Minas,MG,4.610
Divinésia,MG,4.549
Divinópolis,MG,4.948
Divisa Alegre,MG,5.008
Divisa Nova,MG,4.781
Divisópolis,MG,4.937
Dom Bosco,MG,5.117
Dom Cavati,MG,4.639
Dom Joaquim,MG,4.729
Dom Silvério,MG,4.668
Dom Viçoso,MG,4.534
Dona Eusébia,MG,4.506
Dores de Campos,MG,4.651
Dores de Guanhães,MG,4.627
Dores do Indaiá,MG,4.970
Dores do Turvo,MG,4.544
Doresópolis,MG,4.903
Douradoquara,MG,5.083
Durandé,MG,4.711
Elói Mendes,MG,4.707
Engenheiro Caldas,MG,4.640
Engenheiro Navarro,MG,5.059
Entre Folhas,MG,4.616
Entre Rios de Minas,MG,4.764
Ervália,MG,4.622
Esmeraldas,MG,4.938
Espera Feliz,MG,4.695
Espinosa,MG,5.324
Espírito Santo do Dourado,MG,4.576
Estiva,MG,4.517
Estrela Dalva,MG,4.461
Estrela do Indaiá,MG,4.967
Estrela do Sul,MG,5.095
Eugenópolis,MG,4.631
Ewbank da Câmara,MG,4.486
Extrema,MG,4.434
Fama,MG,4.723
Faria Lemos,MG,4.668
Felisburgo,MG,4.856
Felixlândia,MG,5.014
Felício dos Santos,MG,4.795
Fernandes Tourinho,MG,4.635
Ferros,MG,4.648
Fervedouro,MG,4.666
Florestal,MG,4.949
Formiga,MG,4.846
Formoso,MG,5.101
Fortaleza de Minas,MG,4.868
Fortuna de Minas,MG,4.949
Francisco Badaró,MG,4.824
Francisco Dumont,MG,5.084
Francisco Sá,MG,5.145
Franciscópolis,MG,4.661
Frei Gaspar,MG,4.661
Frei Inocêncio,MG,4.647
Frei Lagonegro,MG,4.661
Fronteira,MG,5.202
Fronteira dos Vales,MG,4.828
Fruta de Leite,MG,5.089
Frutal,MG,5.192
Funilândia,MG,4.890
Galiléia,MG,4.667
Gameleiras,MG,5.375
Glaucilândia,MG,5.057
Goiabeira,MG,4.674
Goianá,MG,4.491
Gonzaga,MG,4.595
Gonçalves,MG,4.471
Gouveia,MG,4.878
Governador Valadares,MG,4.639
Grupiara,MG,5.096
Grão Mogol,MG,5.066
Guanhães,MG,4.627
Guapé,MG,4.812
Guaraciaba,MG,4.614
Guaraciama,MG,5.016
Guarani,MG,4.508
Guaranésia,MG,4.854
Guarará,MG,4.381
Guarda-Mor,MG,5.057
Guaxupé,MG,4.840
Guidoval,MG,4.542
Guimarânia,MG,5.072
Guiricema,MG,4.580
Gurinhatã,MG,5.165
Heliodora,MG,4.574
Iapu,MG,4.613
Ibertioga,MG,4.548
Ibiaí,MG,5.189
Ibiracatu,MG,5.312
Ibiraci,MG,5.062
Ibirité,MG,4.881
Ibitiúra de Minas,MG,4.645
Ibituruna,MG,4.789
Ibiá,MG,5.041
Icaraí de Minas,MG,5.228
Igarapé,MG,4.920
Igaratinga,MG,4.965
Iguatama,MG,4.912
Ijaci,MG,4.800
Ilicínea,MG,4.794
Imbé de Minas,MG,4.671
Inconfidentes,MG,4.554
Indaiabira,MG,5.134
Indianópolis,MG,5.099
Ingaí,MG,4.775
Inhapim,MG,4.656
Inhaúma,MG,4.936
Inimutaba,MG,4.914
Ipaba,MG,4.603
Ipanema,MG,4.696
Ipatinga,MG,4.603
Ipiaçu,MG,5.143
Ipuiúna,MG,4.587
Iraí de Minas,MG,5.093
Itabira,MG,4.715
Itabirinha,MG,4.665
Itabirito,MG,4.790
Itacambira,MG,5.005
Itacarambi,MG,5.383
Itaguara,MG,4.937
Itaipé,MG,4.714
Itajubá,MG,4.488
Itamarandiba,MG,4.774
Itamarati de Minas,MG,4.481
Itambacuri,MG,4.650
Itambé do Mato Dentro,MG,4.732
Itamogi,MG,4.896
Itamonte,MG,4.498
Itanhandu,MG,4.506
Itanhomi,MG,4.651
Itaobim,MG,4.840
Itapagipe,MG,5.204
Itapecerica,MG,4.879
Itapeva,MG,4.463
Itatiaiuçu,MG,4.937
Itaverava,MG,4.687
Itaú de Minas,MG,4.909
Itaúna,MG,4.951
Itinga,MG,4.887
Itueta,MG,4.688
Ituiutaba,MG,5.165
Itumirim,MG,4.783
Iturama,MG,5.182
Itutinga,MG,4.768
Jaboticatubas,MG,4.811
Jacinto,MG,4.937
Jacutinga,MG,4.596
Jacuí,MG,4.857
Jaguaraçu,MG,4.608
Jampruca,MG,4.650
Janaúba,MG,5.273
Januária,MG,5.288
Japaraíba,MG,4.912
Japonvar,MG,5.289
Jaíba,MG,5.363
Jeceaba,MG,4.801
Jenipapo de Minas,MG,4.782
Jequeri,MG,4.649
Jequitaí,MG,5.125
Jequitibá,MG,4.866
Jequitinhonha,MG,4.869
Jesuânia,MG,4.613
Joanésia,MG,4.619
Joaquim Felício,MG,5.055
Joaíma,MG,4.831
Jordânia,MG,4.964
Josenópolis,MG,5.005
José Gonçalves de Minas,MG,4.921
José Raydan,MG,4.645
João Monlevade,MG,4.682
João Pinheiro,MG,5.114
Juatuba,MG,4.925
Juiz de Fora,MG,4.456
Juramento,MG,5.048
Juruaia,MG,4.831
Juvenília,MG,5.417
Ladainha,MG,4.681
Lagamar,MG,5.075
Lagoa Dourada,MG,4.737
Lagoa Formosa,MG,5.054
Lagoa Grande,MG,5.101
Lagoa Santa,MG,4.886
Lagoa da Prata,MG,4.925
Lagoa dos Patos,MG,5.173
Lajinha,MG,4.736
Lambari,MG,4.611
Lamim,MG,4.650
Laranjal,MG,4.539
Lassance,MG,5.078
Lavras,MG,4.792
Leandro Ferreira,MG,4.956
Leme do Prado,MG,4.900
Leopoldina,MG,4.461
Liberdade,MG,4.476
Lima Duarte,MG,4.465
Limeira do Oeste,MG,5.157
Lontra,MG,5.290
Luisburgo,MG,4.697
Luislândia,MG,5.265
Luminárias,MG,4.759
Luz,MG,4.958
Machacalis,MG,4.821
Machado,MG,4.696
Madre de Deus de Minas,MG,4.686
Malacacheta,MG,4.683
Mamonas,MG,5.338
Manga,MG,5.406
Manhuaçu,MG,4.665
Manhumirim,MG,4.700
Mantena,MG,4.666
Mar de Espanha,MG,4.370
Maravilhas,MG,4.950
Maria da Fé,MG,4.512
Mariana,MG,4.704
Marilac,MG,4.635
Maripá de Minas,MG,4.395
Marliéria,MG,4.619
Marmelópolis,MG,4.487
Martinho Campos,MG,4.960
Martins Soares,MG,4.700
Mata Verde,MG,4.934
Materlândia,MG,4.661
Mateus Leme,MG,4.932
Mathias Lobato,MG,4.642
Matias Barbosa,MG,4.406
Matias Cardoso,MG,5.388
Matipó,MG,4.671
Mato Verde,MG,5.244
Matozinhos,MG,4.903
Matutina,MG,5.002
Medeiros,MG,4.993
Medina,MG,4.908
Mendes Pimentel,MG,4.673
Mercês,MG,4.543
Mesquita,MG,4.610
Minas Novas,MG,4.791
Minduri,MG,4.702
Mirabela,MG,5.259
Miradouro,MG,4.637
Miravânia,MG,5.404
Miraí,MG,4.559
Moeda,MG,4.881
Moema,MG,4.964
Monjolos,MG,4.942
Monsenhor Paulo,MG,4.704
Montalvânia,MG,5.375
Monte Alegre de Minas,MG,5.148
Monte Azul,MG,5.306
Monte Belo,MG,4.810
Monte Carmelo,MG,5.089
Monte Formoso,MG,4.789
Monte Santo de Minas,MG,4.875
Monte Sião,MG,4.525
Montes Claros,MG,5.174
Montezuma,MG,5.195
Morada Nova de Minas,MG,5.059
Morro da Garça,MG,4.977
Morro do Pilar,MG,4.747
Munhoz,MG,4.483
Muriaé,MG,4.600
Mutum,MG,4.730
Muzambinho,MG,4.827
Mário Campos,MG,4.915
Nacip Raydan,MG,4.617
Nanuque,MG,4.728
Naque,MG,4.588
Natalândia,MG,5.094
Natércia,MG,4.568
Nazareno,MG,4.766
Nepomuceno,MG,4.776
Ninheira,MG,5.079
Nova Belém,MG,4.662
Nova Era,MG,4.657
Nova Lima,MG,4.845
Nova Módica,MG,4.657
Nova Ponte,MG,5.105
Nova Porteirinha,MG,5.257
Nova Resende,MG,4.832
Nova Serrana,MG,4.966
Nova União,MG,4.779
Novo Cruzeiro,MG,4.716
Novo Oriente de Minas,MG,4.751
Novorizonte,MG,5.093
Olaria,MG,4.425
Olhos d'Água,MG,4.988
Oliveira,MG,4.838
Oliveira Fortes,MG,4.520
Olímpio Noronha,MG,4.572
Onça de Pitangui,MG,4.950
Oratórios,MG,4.661
Orizânia,MG,4.692
Ouro Branco,MG,4.726
Ouro Fino,MG,4.568
Ouro Preto,MG,4.730
Ouro Verde de Minas,MG,4.682
Padre Carvalho,MG,5.071
Padre Paraíso,MG,4.764
Pai Pedro,MG,5.292
Paineiras,MG,5.015
Pains,MG,4.865
Paiva,MG,4.529
Palma,MG,4.554
Palmópolis,MG,4.869
Papagaios,MG,4.950
Paracatu,MG,5.080
Paraguaçu,MG,4.707
Paraisópolis,MG,4.496
Paraopeba,MG,4.945
Pará de Minas,MG,4.952
Passa Quatro,MG,4.489
Passa Tempo,MG,4.823
Passa-Vinte,MG,4.456
Passabém,MG,4.709
Passos,MG,4.888
Patis,MG,5.277
Patos de Minas,MG,5.056
Patrocínio,MG,5.083
Patrocínio do Muriaé,MG,4.611
Paula Cândido,MG,4.561
Paulistas,MG,4.634
Pavão,MG,4.722
Pedra Azul,MG,4.933
Pedra Bonita,MG,4.680
Pedra Dourada,MG,4.664
Pedra do Anta,MG,4.639
Pedra do Indaiá,MG,4.900
Pedralva,MG,4.535
Pedras de Maria da Cruz,MG,5.325
Pedrinópolis,MG,5.097
Pedro Leopoldo,MG,4.909
Pedro Teixeira,MG,4.471
Pequeri,MG,4.376
Pequi,MG,4.951
Perdigão,MG,4.953
Perdizes,MG,5.082
Perdões,MG,4.799
Periquito,MG,4.601
Pescador,MG,4.655
Peçanha,MG,4.627
Piau,MG,4.503
Piedade de Caratinga,MG,4.675
Piedade de Ponte Nova,MG,4.659
Piedade do Rio Grande,MG,4.589
Piedade dos Gerais,MG,4.866
Pimenta,MG,4.833
Pingo-d'Água,MG,4.628
Pintópolis,MG,5.183
Piracema,MG,4.874
Pirajuba,MG,5.177
Piranga,MG,4.640
Piranguinho,MG,4.517
Piranguçu,MG,4.466
Pirapetinga,MG,4.500
Pirapora,MG,5.146
Piraúba,MG,4.519
Pitangui,MG,4.954
Piumhi,MG,4.864
Planura,MG,5.180
Pocrane,MG,4.683
Pompéu,MG,4.959
Ponte Nova,MG,4.657
Ponto Chique,MG,5.194
Ponto dos Volantes,MG,4.794
Porteirinha,MG,5.236
Porto Firme,MG,4.591
Poté,MG,4.667
Pouso Alegre,MG,4.544
Pouso Alto,MG,4.542
Poço Fundo,MG,4.637
Poços de Caldas,MG,4.786
Prados,MG,4.691
Prata,MG,5.168
Pratinha,MG,5.009
Pratápolis,MG,4.905
Presidente Bernardes,MG,4.569
Presidente Juscelino,MG,4.908
Presidente Kubitschek,MG,4.823
Presidente Olegário,MG,5.087
Prudente de Morais,MG,4.905
Quartel Geral,MG,4.971
Queluzito,MG,4.727
Raposos,MG,4.796
Raul Soares,MG,4.644
Recreio,MG,4.509
Reduto,MG,4.679
Resende Costa,MG,4.783
Resplendor,MG,4.678
Ressaquinha,MG,4.555
Riachinho,MG,5.099
Riacho dos Machados,MG,5.160
Ribeirão Vermelho,MG,4.805
Ribeirão das Neves,MG,4.905
Rio Acima,MG,4.789
Rio Casca,MG,4.667
Rio Doce,MG,4.665
Rio Espera,MG,4.573
Rio Manso,MG,4.926
Rio Novo,MG,4.501
Rio Paranaíba,MG,5.025
Rio Pardo de Minas,MG,5.150
Rio Piracicaba,MG,4.688
Rio Pomba,MG,4.535
Rio Preto,MG,4.393
Rio Vermelho,MG,4.690
Rio do Prado,MG,4.867
Ritápolis,MG,4.782
Rochedo de Minas,MG,4.424
Rodeiro,MG,4.533
Romaria,MG,5.096
Rosário da Limeira,MG,4.606
Rubelita,MG,5.023
Rubim,MG,4.886
Sabará,MG,4.826
Sabinópolis,MG,4.665
Sacramento,MG,5.091
Salinas,MG,5.054
Salto da Divisa,MG,4.963
Santa Bárbara,MG,4.748
Santa Bárbara do Leste,MG,4.649
Santa Bárbara do Monte Verde,MG,4.428
Santa Bárbara do Tugúrio,MG,4.533
Santa Cruz de Minas,MG,4.747
Santa Cruz de Salinas,MG,5.021
Santa Cruz do Escalvado,MG,4.662
Santa Efigênia de Minas,MG,4.593
Santa Fé de Minas,MG,5.156
Santa Helena de Minas,MG,4.843
Santa Juliana,MG,5.098
Santa Luzia,MG,4.867
Santa Margarida,MG,4.683
Santa Maria de Itabira,MG,4.682
Santa Maria do Salto,MG,4.948
Santa Maria do Suaçuí,MG,4.643
Santa Rita de Caldas,MG,4.609
Santa Rita de Ibitipoca,MG,4.483
Santa Rita de Jacutinga,MG,4.404
Santa Rita de Minas,MG,4.642
Santa Rita do Itueto,MG,4.669
Santa Rita do Sapucaí,MG,4.550
Santa Rosa da Serra,MG,4.978
Santa Vitória,MG,5.143
Santana da Vargem,MG,4.765
Santana de Cataguases,MG,4.540
Santana de Pirapama,MG,4.880
Santana do Deserto,MG,4.374
Santana do Garambéu,MG,4.481
Santana do Jacaré,MG,4.827
Santana do Manhuaçu,MG,4.689
Santana do Paraíso,MG,4.601
Santana do Riacho,MG,4.800
Santana dos Montes,MG,4.647
Santo Antônio do Amparo,MG,4.827
Santo Antônio do Aventureiro,MG,4.389
Santo Antônio do Grama,MG,4.656
Santo Antônio do Itambé,MG,4.732
Santo Antônio do Jacinto,MG,4.910
Santo Antônio do Monte,MG,4.920
Santo Antônio do Retiro,MG,5.209
Santo Antônio do Rio Abaixo,MG,4.726
Santo Hipólito,MG,4.963
Santos Dumont,MG,4.503
Sapucaí-Mirim,MG,4.408
Sardoá,MG,4.608
Sarzedo,MG,4.906
Sem-Peixe,MG,4.664
Senador Amaral,MG,4.480
Senador Cortes,MG,4.379
Senador Firmino,MG,4.554
Senador José Bento,MG,4.562
Senador Modestino Gonçalves,MG,4.871
Senhora de Oliveira,MG,4.583
Senhora do Porto,MG,4.666
Senhora dos Remédios,MG,4.556
Sericita,MG,4.671
Seritinga,MG,4.541
Serra Azul de Minas,MG,4.710
Serra da Saudade,MG,4.968
Serra do Salitre,MG,5.054
Serra dos Aimorés,MG,4.745
Serrania,MG,4.739
Serranos,MG,4.601
Serranópolis de Minas,MG,5.177
Serro,MG,4.774
Sete Lagoas,MG,4.926
Setubinha,MG,4.700
Silveirânia,MG,4.541
Silvianópolis,MG,4.581
Simonésia,MG,4.676
Simão Pereira,MG,4.372
Sobrália,MG,4.636
Soledade de Minas,MG,4.628
São Bento Abade,MG,4.750
São Brás do Suaçuí,MG,4.746
São Domingos das Dores,MG,4.663
São Domingos do Prata,MG,4.663
São Francisco,MG,5.248
São Francisco de Paula,MG,4.854
São Francisco de Sales,MG,5.201
São Francisco do Glória,MG,4.658
São Félix de Minas,MG,4.665
São Geraldo,MG,4.600
São Geraldo da Piedade,MG,4.591
São Geraldo do Baixio,MG,4.677
São Gonçalo do Abaeté,MG,5.074
São Gonçalo do Pará,MG,4.965
São Gonçalo do Rio Abaixo,MG,4.716
São Gonçalo do Rio Preto,MG,4.855
São Gonçalo do Sapucaí,MG,4.628
São Gotardo,MG,4.986
São Joaquim de Bicas,MG,4.915
São José da Barra,MG,4.837
São José da Lapa,MG,4.900
São José da Safira,MG,4.639
São José da Varginha,MG,4.951
São José do Alegre,MG,4.514
São José do Divino,MG,4.658
São José do Goiabal,MG,4.661
São José do Jacuri,MG,4.645
São José do Mantimento,MG,4.720
São João Batista do Glória,MG,4.873
São João Evangelista,MG,4.634
São João Nepomuceno,MG,4.450
São João da Lagoa,MG,5.174
São João da Mata,MG,4.596
São João da Ponte,MG,5.283
São João das Missões,MG,5.402
São João del Rei,MG,4.711
São João do Manhuaçu,MG,4.698
São João do Manteninha,MG,4.679
São João do Oriente,MG,4.636
São João do Pacuí,MG,5.224
São João do Paraíso,MG,5.114
São Lourenço,MG,4.573
São Miguel do Anta,MG,4.630
São Pedro da União,MG,4.841
São Pedro do Suaçuí,MG,4.636
São Pedro dos Ferros,MG,4.663
São Romão,MG,5.174
São Roque de Minas,MG,4.975
São Sebastião da Bela Vista,MG,4.561
São Sebastião da Vargem Alegre,MG,4.592
São Sebastião do Anta,MG,4.666
São Sebastião do Maranhão,MG,4.668
São Sebastião do Oeste,MG,4.895
São Sebastião do Paraíso,MG,4.914
São Sebastião do Rio Preto,MG,4.719
São Sebastião do Rio Verde,MG,4.533
São Thomé das Letras,MG,4.733
São Tiago,MG,4.797
São Tomás de Aquino,MG,5.021
São Vicente de Minas,MG,4.683
Tabuleiro,MG,4.530
Taiobeiras,MG,5.081
Taparuba,MG,4.704
Tapira,MG,5.062
Tapiraí,MG,4.987
Taquaraçu de Minas,MG,4.807
Tarumirim,MG,4.651
Teixeiras,MG,4.604
Teófilo Otoni,MG,4.685
Timóteo,MG,4.600
Tiradentes,MG,4.730
Tiros,MG,5.028
Tocantins,MG,4.526
Tocos do Moji,MG,4.544
Toledo,MG,4.477
Tombos,MG,4.661
Três Corações,MG,4.736
Três Marias,MG,5.071
Três Pontas,MG,4.737
Tumiritinga,MG,4.657
Tupaciguara,MG,5.133
Turmalina,MG,4.887
Turvolândia,MG,4.616
Ubaporanga,MG,4.655
Ubaí,MG,5.214
Uberaba,MG,5.128
Uberlândia,MG,5.132
Ubá,MG,4.531
Umburatiba,MG,4.801
Unaí,MG,5.063
União de Minas,MG,5.165
Uruana de Minas,MG,5.067
Urucuia,MG,5.150
Urucânia,MG,4.660
Vargem Alegre,MG,4.614
Vargem Bonita,MG,4.879
Vargem Grande do Rio Pardo,MG,5.167
Varginha,MG,4.728
Varjão de Minas,MG,5.071
Varzelândia,MG,5.316
Vazante,MG,5.073
Verdelândia,MG,5.328
Veredinha,MG,4.843
Vermelho Novo,MG,4.649
Veríssimo,MG,5.143
Vespasiano,MG,4.895
Vieiras,MG,4.642
Virgem da Lapa,MG,4.905
Virginópolis,MG,4.610
Virgolândia,MG,4.620
Virgínia,MG,4.511
Visconde do Rio Branco,MG,4.562
Viçosa,MG,4.599
Volta Grande,MG,4.426
Várzea da Palma,MG,5.117
Wenceslau Braz,MG,4.461
Água Boa,MG,4.676
Água Comprida,MG,5.150
Águas Formosas,MG,4.802
Águas Vermelhas,MG,5.024
Alcinópolis,MS,5.024
Amambai,MS,4.851
Anastácio,MS,4.967
Anaurilândia,MS,4.969
Angélica,MS,4.940
Antônio João,MS,4.921
Aparecida do Taboado,MS,5.140
Aquidauana,MS,4.996
Aral Moreira,MS,4.874
Bandeirantes,MS,5.010
Bataguassu,MS,4.999
Batayporã,MS,4.934
Bela Vista,MS,4.930
Bodoquena,MS,4.971
Bonito,MS,4.951
Brasilândia,MS,5.054
Caarapó,MS,4.885
Camapuã,MS,5.029
Campo Grande,MS,4.981
Caracol,MS,4.930
Cassilândia,MS,5.067
Chapadão do Sul,MS,5.057
Corguinho,MS,5.012
Coronel Sapucaia,MS,4.839
Corumbá,MS,4.965
Costa Rica,MS,5.055
Coxim,MS,5.007
Deodápolis,MS,4.920
Dois Irmãos do Buriti,MS,4.976
Douradina,MS,4.934
Dourados,MS,4.922
Eldorado,MS,4.827
Figueirão,MS,5.038
Fátima do Sul,MS,4.904
Glória de Dourados,MS,4.897
Guia Lopes da Laguna,MS,4.946
Iguatemi,MS,4.841
Inocência,MS,5.086
Itaporã,MS,4.933
Itaquiraí,MS,4.846
Ivinhema,MS,4.908
Japorã,MS,4.824
Jaraguari,MS,4.990
Jardim,MS,4.938
Jateí,MS,4.881
Juti,MS,4.873
Ladário,MS,4.951
Laguna Carapã,MS,4.885
Maracaju,MS,4.947
Miranda,MS,4.975
Mundo Novo,MS,4.812
Naviraí,MS,4.865
Nioaque,MS,4.958
Nova Alvorada do Sul,MS,4.966
Nova Andradina,MS,4.965
Novo Horizonte do Sul,MS,4.890
Paranaíba,MS,5.115
Paranhos,MS,4.821
Pedro Gomes,MS,5.009
Ponta Porã,MS,4.917
Porto Murtinho,MS,4.941
Ribas do Rio Pardo,MS,5.016
Rio Brilhante,MS,4.949
Rio Negro,MS,5.015
Rio Verde de Mato Grosso,MS,5.005
Rochedo,MS,4.997
Santa Rita do Pardo,MS,5.024
Selvíria,MS,5.120
Sete Quedas,MS,4.812
Sidrolândia,MS,4.969
Sonora,MS,5.008
São Gabriel do Oeste,MS,5.016
Tacuru,MS,4.829
Taquarussu,MS,4.898
Terenos,MS,4.979
Três Lagoas,MS,5.091
Vicentina,MS,4.894
Água Clara,MS,5.059
Acorizal,MT,4.888
Alta Floresta,MT,4.743
Alto Araguaia,MT,5.012
Alto Boa Vista,MT,5.035
Alto Garças,MT,5.005
Alto Paraguai,MT,4.867
Alto Taquari,MT,5.020
Apiacás,MT,4.659
Araguaiana,MT,5.009
Araguainha,MT,4.998
Araputanga,MT,4.861
Arenápolis,MT,4.849
Aripuanã,MT,4.636
Barra do Bugres,MT,4.847
Barra do Garças,MT,4.999
Barão de Melgaço,MT,4.949
Bom Jesus do Araguaia,MT,5.042
Brasnorte,MT,4.786
Campinápolis,MT,4.973
Campo Novo do Parecis,MT,4.826
Campo Verde,MT,4.960
Campos de Júlio,MT,4.811
Canabrava do Norte,MT,5.014
Canarana,MT,4.994
Carlinda,MT,4.747
Castanheira,MT,4.726
Chapada dos Guimarães,MT,4.926
Cláudia,MT,4.845
Cocalinho,MT,5.059
Colniza,MT,4.599
Colíder,MT,4.771
Comodoro,MT,4.789
Confresa,MT,4.946
Conquista D'Oeste,MT,4.843
Cotriguaçu,MT,4.665
Cuiabá,MT,4.929
Curvelândia,MT,4.869
Cáceres,MT,4.899
Denise,MT,4.850
Diamantino,MT,4.851
Dom Aquino,MT,4.976
Feliz Natal,MT,4.897
Figueirópolis D'Oeste,MT,4.866
Gaúcha do Norte,MT,4.954
General Carneiro,MT,4.996
Glória D'Oeste,MT,4.878
Guarantã do Norte,MT,4.737
Guiratinga,MT,5.000
Indiavaí,MT,4.862
Ipiranga do Norte,MT,4.826
Itanhangá,MT,4.807
Itaúba,MT,4.799
Itiquira,MT,4.994
Jaciara,MT,4.965
Jangada,MT,4.878
Jauru,MT,4.862
Juara,MT,4.753
Juruena,MT,4.683
Juscimeira,MT,4.987
Juína,MT,4.720
Lambari D'Oeste,MT,4.859
Lucas do Rio Verde,MT,4.850
Luciara,MT,5.084
Marcelândia,MT,4.801
Matupá,MT,4.748
Mirassol d'Oeste,MT,4.872
Nobres,MT,4.896
Nortelândia,MT,4.850
Nossa Senhora do Livramento,MT,4.913
Nova Bandeirantes,MT,4.697
Nova Brasilândia,MT,4.942
Nova Canaã do Norte,MT,4.766
Nova Guarita,MT,4.753
Nova Lacerda,MT,4.841
Nova Marilândia,MT,4.839
Nova Maringá,MT,4.816
Nova Monte Verde,MT,4.737
Nova Mutum,MT,4.862
Nova Nazaré,MT,5.024
Nova Olímpia,MT,4.841
Nova Santa Helena,MT,4.798
Nova Ubiratã,MT,4.905
Nova Xavantina,MT,4.991
Novo Horizonte do Norte,MT,4.771
Novo Mundo,MT,4.745
Novo Santo Antônio,MT,5.102
Novo São Joaquim,MT,4.995
Paranatinga,MT,4.950
Paranaíta,MT,4.718
Pedra Preta,MT,5.005
Peixoto de Azevedo,MT,4.786
Planalto da Serra,MT,4.965
Poconé,MT,4.920
Pontal do Araguaia,MT,4.992
Ponte Branca,MT,4.991
Pontes e Lacerda,MT,4.865
Porto Alegre do Norte,MT,4.997
Porto Esperidião,MT,4.876
Porto Estrela,MT,4.874
Porto dos Gaúchos,MT,4.794
Poxoréu,MT,4.997
Primavera do Leste,MT,4.986
Querência,MT,4.979
Reserva do Cabaçal,MT,4.838
Ribeirão Cascalheira,MT,5.054
Ribeirãozinho,MT,4.991
Rio Branco,MT,4.860
Rondolândia,MT,4.613
Rondonópolis,MT,5.001
Rosário Oeste,MT,4.897
Salto do Céu,MT,4.836
Santa Carmem,MT,4.879
Santa Cruz do Xingu,MT,4.834
Santa Rita do Trivelato,MT,4.902
Santa Terezinha,MT,5.047
Santo Afonso,MT,4.840
Santo Antônio do Leste,MT,4.982
Santo Antônio do Leverger,MT,4.959
Sapezal,MT,4.801
Serra Nova Dourada,MT,5.058
Sinop,MT,4.834
Sorriso,MT,4.859
São Félix do Araguaia,MT,5.008
São José do Povo,MT,5.006
São José do Rio Claro,MT,4.841
São José do Xingu,MT,4.876
São José dos Quatro Marcos,MT,4.869
São Pedro da Cipa,MT,5.001
Tabaporã,MT,4.781
Tangará da Serra,MT,4.829
Tapurah,MT,4.828
Terra Nova do Norte,MT,4.763
Tesouro,MT,4.999
Torixoréu,MT,4.992
União do Sul,MT,4.874
Vale de São Domingos,MT,4.849
Vera,MT,4.862
Vila Bela da Santíssima Trindade,MT,4.855
Vila Rica,MT,4.929
Várzea Grande,MT,4.911
Água Boa,MT,4.980
Abaetetuba,PA,5.111
Abel Figueiredo,PA,5.011
Acará,PA,5.118
Afuá,PA,5.002
Alenquer,PA,4.921
Almeirim,PA,4.915
Altamira,PA,4.711
Anajás,PA,5.087
Ananindeua,PA,5.118
Anapu,PA,4.839
Augusto Corrêa,PA,5.125
Aurora do Pará,PA,5.138
Aveiro,PA,4.838
Bagre,PA,4.998
Baião,PA,4.993
Bannach,PA,4.795
Barcarena,PA,5.125
Belterra,PA,4.884
Belém,PA,5.123
Benevides,PA,5.117
Bom Jesus do Tocantins,PA,5.001
Bonito,PA,5.116
Bragança,PA,5.123
Brasil Novo,PA,4.829
Brejo Grande do Araguaia,PA,5.003
Breu Branco,PA,4.996
Breves,PA,5.044
Bujaru,PA,5.127
Cachoeira do Arari,PA,5.114
Cachoeira do Piriá,PA,5.128
Cametá,PA,5.065
Canaã dos Carajás,PA,4.822
Capanema,PA,5.116
Capitão Poço,PA,5.121
Castanhal,PA,5.127
Chaves,PA,5.045
Colares,PA,5.120
Conceição do Araguaia,PA,4.980
Concórdia do Pará,PA,5.136
Cumaru do Norte,PA,4.799
Curionópolis,PA,4.877
Curralinho,PA,5.082
Curuá,PA,4.922
Curuçá,PA,5.123
Dom Eliseu,PA,5.055
Eldorado do Carajás,PA,4.952
Faro,PA,4.784
Floresta do Araguaia,PA,4.935
Garrafão do Norte,PA,5.123
Goianésia do Pará,PA,5.013
Gurupá,PA,4.930
Igarapé-Açu,PA,5.124
Igarapé-Miri,PA,5.095
Inhangapi,PA,5.129
Ipixuna do Pará,PA,5.116
Irituia,PA,5.121
Itaituba,PA,4.719
Itupiranga,PA,4.853
Jacareacanga,PA,4.668
Jacundá,PA,4.988
Juruti,PA,4.865
Limoeiro do Ajuru,PA,5.086
Magalhães Barata,PA,5.125
Marabá,PA,4.837
Maracanã,PA,5.114
Marapanim,PA,5.129
Marituba,PA,5.117
Medicilândia,PA,4.842
Melgaço,PA,4.973
Mocajuba,PA,5.044
Moju,PA,5.062
Monte Alegre,PA,4.911
Muaná,PA,5.108
Mãe do Rio,PA,5.137
Nova Esperança do Piriá,PA,5.127
Nova Ipixuna,PA,4.974
Nova Timboteua,PA,5.114
Novo Progresso,PA,4.700
Novo Repartimento,PA,4.861
Oeiras do Pará,PA,5.030
Oriximiná,PA,4.844
Ourilândia do Norte,PA,4.744
Ourém,PA,5.116
Pacajá,PA,4.899
Palestina do Pará,PA,5.004
Paragominas,PA,5.105
Parauapebas,PA,4.781
Pau d'Arco,PA,4.848
Peixe-Boi,PA,5.115
Piçarra,PA,4.978
Placas,PA,4.842
Ponta de Pedras,PA,5.113
Portel,PA,4.939
Porto de Moz,PA,4.889
Prainha,PA,4.877
Primavera,PA,5.114
Quatipuru,PA,5.116
Redenção,PA,4.853
Rio Maria,PA,4.873
Rondon do Pará,PA,5.037
Rurópolis,PA,4.856
Salinópolis,PA,5.114
Salvaterra,PA,5.120
Santa Bárbara do Pará,PA,5.119
Santa Cruz do Arari,PA,5.108
Santa Izabel do Pará,PA,5.118
Santa Luzia do Pará,PA,5.123
Santa Maria das Barreiras,PA,4.892
Santa Maria do Pará,PA,5.125
Santana do Araguaia,PA,4.937
Santarém,PA,4.884
Santarém Novo,PA,5.114
Santo Antônio do Tauá,PA,5.119
Sapucaia,PA,4.898
Senador José Porfírio,PA,4.776
Soure,PA,5.108
São Caetano de Odivelas,PA,5.118
São Domingos do Araguaia,PA,4.986
São Domingos do Capim,PA,5.138
São Francisco do Pará,PA,5.129
São Félix do Xingu,PA,4.713
São Geraldo do Araguaia,PA,4.982
São João da Ponta,PA,5.118
São João de Pirabas,PA,5.114
São João do Araguaia,PA,4.987
São Miguel do Guamá,PA,5.129
São Sebastião da Boa Vista,PA,5.099
Tailândia,PA,5.071
Terra Alta,PA,5.127
Terra Santa,PA,4.859
Tomé-Açu,PA,5.110
Tracuateua,PA,5.119
Trairão,PA,4.788
Tucumã,PA,4.697
Tucuruí,PA,4.933
Ulianópolis,PA,5.068
Uruará,PA,4.824
Vigia,PA,5.119
Viseu,PA,5.127
Vitória do Xingu,PA,4.869
Xinguara,PA,4.902
Água Azul do Norte,PA,4.797
Óbidos,PA,4.909
Aguiar,PB,5.770
Alagoa Grande,PB,5.560
Alagoa Nova,PB,5.562
Alagoinha,PB,5.556
Alcantil,PB,5.489
Algodão de Jandaíra,PB,5.585
Alhandra,PB,5.537
Amparo,PB,5.624
Aparecida,PB,5.815
Arara,PB,5.593
Araruna,PB,5.606
Araçagi,PB,5.562
Areia,PB,5.580
Areia de Baraúnas,PB,5.646
Areial,PB,5.570
Aroeiras,PB,5.508
Assunção,PB,5.611
Bananeiras,PB,5.599
Baraúna,PB,5.617
Barra de Santa Rosa,PB,5.596
Barra de Santana,PB,5.508
Barra de São Miguel,PB,5.506
Bayeux,PB,5.552
Baía da Traição,PB,5.571
Belém,PB,5.596
Belém do Brejo do Cruz,PB,5.786
Bernardino Batista,PB,5.806
Boa Ventura,PB,5.733
Boa Vista,PB,5.575
Bom Jesus,PB,5.791
Bom Sucesso,PB,5.818
Bonito de Santa Fé,PB,5.755
Boqueirão,PB,5.542
Borborema,PB,5.595
Brejo do Cruz,PB,5.815
Brejo dos Santos,PB,5.817
Caaporã,PB,5.532
Cabaceiras,PB,5.560
Cabedelo,PB,5.558
Cachoeira dos Índios,PB,5.782
Cacimba de Areia,PB,5.701
Cacimba de Dentro,PB,5.603
Cacimbas,PB,5.656
Caiçara,PB,5.600
Cajazeiras,PB,5.789
Cajazeirinhas,PB,5.780
Caldas Brandão,PB,5.544
Camalaú,PB,5.516
Campina Grande,PB,5.563
Capim,PB,5.558
Caraúbas,PB,5.509
Carrapateira,PB,5.773
Casserengue,PB,5.593
Catingueira,PB,5.751
Catolé do Rocha,PB,5.818
Caturité,PB,5.532
Conceição,PB,5.722
Condado,PB,5.774
Conde,PB,5.541
Congo,PB,5.519
Coremas,PB,5.773
Coxixola,PB,5.548
Cruz do Espírito Santo,PB,5.549
Cubati,PB,5.598
Cuitegi,PB,5.568
Cuité,PB,5.614
Cuité de Mamanguape,PB,5.559
Curral Velho,PB,5.725
Curral de Cima,PB,5.569
Damião,PB,5.602
Desterro,PB,5.652
Diamante,PB,5.739
Dona Inês,PB,5.603
Duas Estradas,PB,5.582
Emas,PB,5.768
Esperança,PB,5.574
Fagundes,PB,5.530
Frei Martinho,PB,5.650
Gado Bravo,PB,5.495
Guarabira,PB,5.561
Gurinhém,PB,5.545
Gurjão,PB,5.575
Ibiara,PB,5.729
Igaracy,PB,5.759
Imaculada,PB,5.731
Ingá,PB,5.547
Itabaiana,PB,5.538
Itaporanga,PB,5.747
Itapororoca,PB,5.566
Itatuba,PB,5.536
Jacaraú,PB,5.583
Jericó,PB,5.809
Joca Claudino,PB,5.810
João Pessoa,PB,5.549
Juarez Távora,PB,5.554
Juazeirinho,PB,5.597
Junco do Seridó,PB,5.629
Juripiranga,PB,5.536
Juru,PB,5.731
Lagoa,PB,5.811
Lagoa Seca,PB,5.566
Lagoa de Dentro,PB,5.591
Lastro,PB,5.809
Livramento,PB,5.617
Logradouro,PB,5.602
Lucena,PB,5.560
Malta,PB,5.766
Mamanguape,PB,5.568
Manaíra,PB,5.706
Marcação,PB,5.566
Mari,PB,5.551
Marizópolis,PB,5.797
Massaranduba,PB,5.551
Mataraca,PB,5.576
Matinhas,PB,5.556
Mato Grosso,PB,5.805
Maturéia,PB,5.724
Mogeiro,PB,5.547
Montadas,PB,5.574
Monte Horebe,PB,5.761
Monteiro,PB,5.548
Mulungu,PB,5.552
Mãe d'Água,PB,5.733
Natuba,PB,5.501
Nazarezinho,PB,5.788
Nova Floresta,PB,5.628
Nova Olinda,PB,5.728
Nova Palmeira,PB,5.619
Olho d'Água,PB,5.751
Olivedos,PB,5.593
Ouro Velho,PB,5.631
Parari,PB,5.586
Passagem,PB,5.652
Patos,PB,5.737
Paulista,PB,5.809
Pedra Branca,PB,5.730
Pedra Lavrada,PB,5.610
Pedras de Fogo,PB,5.535
Pedro Régis,PB,5.581
Piancó,PB,5.758
Picuí,PB,5.635
Pilar,PB,5.540
Pilões,PB,5.586
Pilõezinhos,PB,5.588
Pirpirituba,PB,5.588
Pitimbu,PB,5.534
Pocinhos,PB,5.581
Pombal,PB,5.809
Poço Dantas,PB,5.808
Poço de José de Moura,PB,5.795
Prata,PB,5.584
Princesa Isabel,PB,5.714
Puxinanã,PB,5.587
Queimadas,PB,5.527
Quixabá,PB,5.705
Remígio,PB,5.583
Riacho de Santo Antônio,PB,5.485
Riacho dos Cavalos,PB,5.814
Riachão,PB,5.606
Riachão do Bacamarte,PB,5.549
Riachão do Poço,PB,5.546
Rio Tinto,PB,5.565
Salgadinho,PB,5.622
Salgado de São Félix,PB,5.542
Santa Cecília,PB,5.479
Santa Cruz,PB,5.819
Santa Helena,PB,5.791
Santa Inês,PB,5.702
Santa Luzia,PB,5.662
Santa Rita,PB,5.554
Santa Teresinha,PB,5.743
Santana de Mangueira,PB,5.714
Santana dos Garrotes,PB,5.739
Santo André,PB,5.584
Sapé,PB,5.552
Serra Branca,PB,5.563
Serra Grande,PB,5.761
Serra Redonda,PB,5.554
Serra da Raiz,PB,5.594
Serraria,PB,5.594
Sertãozinho,PB,5.586
Sobrado,PB,5.546
Soledade,PB,5.590
Solânea,PB,5.598
Sossêgo,PB,5.607
Sousa,PB,5.807
Sumé,PB,5.558
São Bentinho,PB,5.777
São Bento,PB,5.811
São Domingos,PB,5.814
São Domingos do Cariri,PB,5.535
São Francisco,PB,5.824
São José da Lagoa Tapada,PB,5.786
São José de Caiana,PB,5.756
São José de Espinharas,PB,5.764
São José de Piranhas,PB,5.772
São José de Princesa,PB,5.711
São José do Bonfim,PB,5.728
São José do Brejo do Cruz,PB,5.793
São José do Sabugi,PB,5.660
São José dos Cordeiros,PB,5.600
São José dos Ramos,PB,5.540
São João do Cariri,PB,5.562
São João do Rio do Peixe,PB,5.801
São João do Tigre,PB,5.492
São Mamede,PB,5.695
São Miguel de Taipu,PB,5.542
São Sebastião de Lagoa de Roça,PB,5.565
São Sebastião do Umbuzeiro,PB,5.515
São Vicente do Seridó,PB,5.604
Tacima,PB,5.604
Taperoá,PB,5.609
Tavares,PB,5.719
Teixeira,PB,5.711
Tenório,PB,5.614
Triunfo,PB,5.789
Uiraúna,PB,5.807
Umbuzeiro,PB,5.482
Vieirópolis,PB,5.810
Vista Serrana,PB,5.802
Várzea,PB,5.698
Zabelê,PB,5.529
Água Branca,PB,5.731
Abreu e Lima,PE,5.488
Afogados da Ingazeira,PE,5.692
Afrânio,PE,5.657
Agrestina,PE,5.448
Alagoinha,PE,5.461
Aliança,PE,5.504
Altinho,PE,5.459
Amaraji,PE,5.433
Angelim,PE,5.458
Araripina,PE,5.640
Araçoiaba,PE,5.487
Arcoverde,PE,5.479
Barra de Guabiraba,PE,5.430
Barreiros,PE,5.440
Belo Jardim,PE,5.447
Belém de Maria,PE,5.434
Belém do São Francisco,PE,5.595
Betânia,PE,5.602
Bezerros,PE,5.437
Bodocó,PE,5.632
Bom Conselho,PE,5.444
Bom Jardim,PE,5.470
Bonito,PE,5.433
Brejinho,PE,5.714
Brejo da Madre de Deus,PE,5.453
Brejão,PE,5.455
Buenos Aires,PE,5.481
Buíque,PE,5.478
Cabo de Santo Agostinho,PE,5.485
Cabrobó,PE,5.619
Cachoeirinha,PE,5.451
Caetés,PE,5.460
Calumbi,PE,5.662
Calçado,PE,5.451
Camaragibe,PE,5.489
Camocim de São Félix,PE,5.428
Camutanga,PE,5.535
Canhotinho,PE,5.456
Capoeiras,PE,5.452
Carnaubeira da Penha,PE,5.603
Carnaíba,PE,5.683
Carpina,PE,5.476
Caruaru,PE,5.444
Casinhas,PE,5.471
Catende,PE,5.438
Cedro,PE,5.658
Chã Grande,PE,5.447
Chã de Alegria,PE,5.472
Condado,PE,5.510
Correntes,PE,5.447
Cortês,PE,5.433
Cumaru,PE,5.449
Cupira,PE,5.437
Custódia,PE,5.600
Dormentes,PE,5.656
Escada,PE,5.456
Exu,PE,5.643
Feira Nova,PE,5.472
Ferreiros,PE,5.528
Flores,PE,5.666
Floresta,PE,5.591
Frei Miguelinho,PE,5.440
Gameleira,PE,5.440
Garanhuns,PE,5.459
Glória do Goitá,PE,5.471
Goiana,PE,5.515
Granito,PE,5.638
Gravatá,PE,5.444
Iati,PE,5.448
Ibimirim,PE,5.547
Ibirajuba,PE,5.453
Igarassu,PE,5.493
Iguaracy,PE,5.630
Ilha de Itamaracá,PE,5.507
Inajá,PE,5.574
Ingazeira,PE,5.682
Ipojuca,PE,5.482
Ipubi,PE,5.629
Itacuruba,PE,5.583
Itambé,PE,5.532
Itapetim,PE,5.665
Itapissuma,PE,5.501
Itaquitinga,PE,5.498
Itaíba,PE,5.484
Jaboatão dos Guararapes,PE,5.488
Jaqueira,PE,5.439
Jataúba,PE,5.465
Jatobá,PE,5.563
Joaquim Nabuco,PE,5.434
João Alfredo,PE,5.468
Jucati,PE,5.451
Jupi,PE,5.450
Jurema,PE,5.458
Lagoa Grande,PE,5.603
Lagoa de Itaenga,PE,5.473
Lagoa do Carro,PE,5.473
Lagoa do Ouro,PE,5.436
Lagoa dos Gatos,PE,5.440
Lajedo,PE,5.449
Limoeiro,PE,5.478
Macaparana,PE,5.513
Machados,PE,5.486
Manari,PE,5.529
Maraial,PE,5.441
Mirandiba,PE,5.631
Moreilândia,PE,5.653
Moreno,PE,5.483
Nazaré da Mata,PE,5.484
Olinda,PE,5.503
Orobó,PE,5.476
Orocó,PE,5.630
Ouricuri,PE,5.639
Palmares,PE,5.440
Palmeirina,PE,5.452
Panelas,PE,5.445
Paranatama,PE,5.459
Parnamirim,PE,5.631
Passira,PE,5.468
Paudalho,PE,5.476
Paulista,PE,5.501
Pedra,PE,5.466
Pesqueira,PE,5.462
Petrolina,PE,5.597
Petrolândia,PE,5.580
Pombos,PE,5.467
Poção,PE,5.461
Primavera,PE,5.441
Quipapá,PE,5.445
Quixaba,PE,5.708
Recife,PE,5.496
Riacho das Almas,PE,5.443
Ribeirão,PE,5.440
Rio Formoso,PE,5.449
Sairé,PE,5.431
Salgadinho,PE,5.474
Salgueiro,PE,5.631
Saloá,PE,5.455
Sanharó,PE,5.452
Santa Cruz,PE,5.646
Santa Cruz da Baixa Verde,PE,5.695
Santa Cruz do Capibaribe,PE,5.470
Santa Filomena,PE,5.649
Santa Maria da Boa Vista,PE,5.620
Santa Maria do Cambucá,PE,5.451
Santa Terezinha,PE,5.719
Serra Talhada,PE,5.652
Serrita,PE,5.636
Sertânia,PE,5.539
Sirinhaém,PE,5.454
Solidão,PE,5.716
Surubim,PE,5.448
São Benedito do Sul,PE,5.444
São Bento do Una,PE,5.451
São Caetano,PE,5.445
São Joaquim do Monte,PE,5.436
São José da Coroa Grande,PE,5.438
São José do Belmonte,PE,5.684
São José do Egito,PE,5.682
São João,PE,5.458
São Lourenço da Mata,PE,5.478
São Vicente Ferrer,PE,5.495
Tabira,PE,5.712
Tacaimbó,PE,5.448
Tacaratu,PE,5.578
Tamandaré,PE,5.446
Taquaritinga do Norte,PE,5.457
Terezinha,PE,5.448
Terra Nova,PE,5.626
Timbaúba,PE,5.514
Toritama,PE,5.443
Tracunhaém,PE,5.482
Trindade,PE,5.639
Triunfo,PE,5.694
Tupanatinga,PE,5.490
Tuparetama,PE,5.636
Venturosa,PE,5.465
Verdejante,PE,5.654
Vertente do Lério,PE,5.472
Vertentes,PE,5.446
Vicência,PE,5.494
Vitória de Santo Antão,PE,5.471
Xexéu,PE,5.442
Água Preta,PE,5.444
Águas Belas,PE,5.458
Acauã,PI,5.660
Agricolândia,PI,5.491
Alagoinha do Piauí,PI,5.609
Alegrete do Piauí,PI,5.627
Alto Longá,PI,5.543
Altos,PI,5.540
Alvorada do Gurguéia,PI,5.474
Amarante,PI,5.513
Angical do Piauí,PI,5.502
Antônio Almeida,PI,5.348
Anísio de Abreu,PI,5.605
Aroazes,PI,5.556
Aroeiras do Itaim,PI,5.640
Arraial,PI,5.561
Assunção do Piauí,PI,5.568
Avelino Lopes,PI,5.534
Baixa Grande do Ribeiro,PI,5.340
Barra D'Alcântara,PI,5.588
Barras,PI,5.539
Barreiras do Piauí,PI,5.375
Barro Duro,PI,5.528
Batalha,PI,5.548
Bela Vista do Piauí,PI,5.661
Belém do Piauí,PI,5.637
Beneditinos,PI,5.538
Bertolínia,PI,5.445
Betânia do Piauí,PI,5.652
Boa Hora,PI,5.560
Bocaina,PI,5.616
Bom Jesus,PI,5.456
Bom Princípio do Piauí,PI,5.543
Bonfim do Piauí,PI,5.613
Boqueirão do Piauí,PI,5.562
Brasileira,PI,5.555
Brejo do Piauí,PI,5.596
Buriti dos Lopes,PI,5.537
Buriti dos Montes,PI,5.521
Cabeceiras do Piauí,PI,5.548
Cajazeiras do Piauí,PI,5.576
Cajueiro da Praia,PI,5.538
Caldeirão Grande do Piauí,PI,5.628
Campinas do Piauí,PI,5.643
Campo Alegre do Fidalgo,PI,5.676
Campo Grande do Piauí,PI,5.631
Campo Largo do Piauí,PI,5.526
Campo Maior,PI,5.553
Canavieira,PI,5.468
Canto do Buriti,PI,5.541
Capitão Gervásio Oliveira,PI,5.676
Capitão de Campos,PI,5.561
Caracol,PI,5.576
Caraúbas do Piauí,PI,5.548
Caridade do Piauí,PI,5.652
Castelo do Piauí,PI,5.530
Caxingó,PI,5.541
Cocal,PI,5.543
Cocal de Telha,PI,5.558
Cocal dos Alves,PI,5.542
Coivaras,PI,5.545
Colônia do Gurguéia,PI,5.499
Colônia do Piauí,PI,5.620
Conceição do Canindé,PI,5.659
Coronel José Dias,PI,5.663
Corrente,PI,5.440
Cristalândia do Piauí,PI,5.427
Cristino Castro,PI,5.501
Curimatá,PI,5.504
Currais,PI,5.407
Curral Novo do Piauí,PI,5.652
Curralinhos,PI,5.472
Demerval Lobão,PI,5.521
Dirceu Arcoverde,PI,5.641
Dom Expedito Lopes,PI,5.627
Dom Inocêncio,PI,5.673
Domingos Mourão,PI,5.532
Elesbão Veloso,PI,5.560
Eliseu Martins,PI,5.489
Esperantina,PI,5.542
Fartura do Piauí,PI,5.622
Flores do Piauí,PI,5.565
Floresta do Piauí,PI,5.639
Floriano,PI,5.503
Francinópolis,PI,5.577
Francisco Ayres,PI,5.545
Francisco Macedo,PI,5.633
Francisco Santos,PI,5.619
Fronteiras,PI,5.615
Geminiano,PI,5.632
Gilbués,PI,5.388
Guadalupe,PI,5.401
Guaribas,PI,5.549
Hugo Napoleão,PI,5.527
Ilha Grande,PI,5.541
Inhuma,PI,5.597
Ipiranga do Piauí,PI,5.605
Isaías Coelho,PI,5.648
Itainópolis,PI,5.642
Itaueira,PI,5.522
Jacobina do Piauí,PI,5.662
Jaicós,PI,5.639
Jardim do Mulato,PI,5.530
Jatobá do Piauí,PI,5.555
Jerumenha,PI,5.449
Joaquim Pires,PI,5.541
Joca Marques,PI,5.524
José de Freitas,PI,5.542
João Costa,PI,5.635
Juazeiro do Piauí,PI,5.537
Jurema,PI,5.584
Júlio Borges,PI,5.516
Lagoa Alegre,PI,5.529
Lagoa de São Francisco,PI,5.539
Lagoa do Barro do Piauí,PI,5.678
Lagoa do Piauí,PI,5.524
Lagoa do Sítio,PI,5.589
Lagoinha do Piauí,PI,5.498
Landri Sales,PI,5.401
Luzilândia,PI,5.532
Luís Correia,PI,5.543
Madeiro,PI,5.518
Manoel Emídio,PI,5.459
Marcolândia,PI,5.636
Marcos Parente,PI,5.382
Massapê do Piauí,PI,5.644
Matias Olímpio,PI,5.518
Miguel Alves,PI,5.513
Miguel Leão,PI,5.491
Milton Brandão,PI,5.536
Monsenhor Gil,PI,5.516
Monsenhor Hipólito,PI,5.613
Monte Alegre do Piauí,PI,5.421
Morro Cabeça no Tempo,PI,5.538
Morro do Chapéu do Piauí,PI,5.540
Murici dos Portelas,PI,5.539
Nazaré do Piauí,PI,5.562
Nazária,PI,5.480
Nossa Senhora de Nazaré,PI,5.555
Nossa Senhora dos Remédios,PI,5.523
Nova Santa Rita,PI,5.664
Novo Oriente do Piauí,PI,5.585
Novo Santo Antônio,PI,5.536
Oeiras,PI,5.601
Olho D'Água do Piauí,PI,5.521
Padre Marcos,PI,5.635
Paes Landim,PI,5.619
Pajeú do Piauí,PI,5.572
Palmeira do Piauí,PI,5.410
Palmeirais,PI,5.464
Paquetá,PI,5.634
Parnaguá,PI,5.492
Parnaíba,PI,5.538
Passagem Franca do Piauí,PI,5.534
Patos do Piauí,PI,5.651
Pau D'Arco do Piauí,PI,5.541
Paulistana,PI,5.664
Pavussu,PI,5.517
Pedro II,PI,5.529
Pedro Laurentino,PI,5.639
Picos,PI,5.635
Pimenteiras,PI,5.581
Pio IX,PI,5.603
Piracuruca,PI,5.551
Piripiri,PI,5.557
Porto,PI,5.515
Porto Alegre do Piauí,PI,5.336
Prata do Piauí,PI,5.542
Queimada Nova,PI,5.669
Redenção do Gurguéia,PI,5.480
Regeneração,PI,5.548
Riacho Frio,PI,5.458
Ribeira do Piauí,PI,5.595
Ribeiro Gonçalves,PI,5.298
Rio Grande do Piauí,PI,5.538
Santa Cruz do Piauí,PI,5.637
Santa Cruz dos Milagres,PI,5.545
Santa Filomena,PI,5.324
Santa Luz,PI,5.496
Santa Rosa do Piauí,PI,5.597
Santana do Piauí,PI,5.625
Santo Antônio de Lisboa,PI,5.612
Santo Antônio dos Milagres,PI,5.500
Santo Inácio do Piauí,PI,5.634
Sebastião Barros,PI,5.460
Sebastião Leal,PI,5.413
Sigefredo Pacheco,PI,5.544
Simplício Mendes,PI,5.642
Simões,PI,5.647
Socorro do Piauí,PI,5.609
Sussuapara,PI,5.619
São Braz do Piauí,PI,5.593
São Francisco de Assis do Piauí,PI,5.674
São Francisco do Piauí,PI,5.591
São Félix do Piauí,PI,5.547
São Gonçalo do Gurguéia,PI,5.424
São Gonçalo do Piauí,PI,5.504
São José do Divino,PI,5.548
São José do Peixe,PI,5.591
São José do Piauí,PI,5.618
São João da Canabrava,PI,5.608
São João da Fronteira,PI,5.543
São João da Serra,PI,5.538
São João da Varjota,PI,5.609
São João do Arraial,PI,5.531
São João do Piauí,PI,5.651
São Julião,PI,5.619
São Lourenço do Piauí,PI,5.635
São Luis do Piauí,PI,5.613
São Miguel da Baixa Grande,PI,5.539
São Miguel do Fidalgo,PI,5.614
São Miguel do Tapuio,PI,5.547
São Pedro do Piauí,PI,5.482
São Raimundo Nonato,PI,5.619
Tamboril do Piauí,PI,5.572
Tanque do Piauí,PI,5.588
Teresina,PI,5.523
União,PI,5.513
Uruçuí,PI,5.353
Valença do Piauí,PI,5.576
Vera Mendes,PI,5.650
Vila Nova do Piauí,PI,5.632
Várzea Branca,PI,5.615
Várzea Grande,PI,5.591
Wall Ferraz,PI,5.634
Água Branca,PI,5.505
Abatiá,PR,4.819
Adrianópolis,PR,4.249
Agudos do Sul,PR,4.096
Almirante Tamandaré,PR,4.197
Altamira do Paraná,PR,4.660
Alto Paraná,PR,4.908
Alto Paraíso,PR,4.835
Alto Piquiri,PR,4.794
Altônia,PR,4.808
Alvorada do Sul,PR,4.949
Amaporã,PR,4.879
Ampére,PR,4.633
Anahy,PR,4.700
Andirá,PR,4.912
Antonina,PR,4.116
Antônio Olinto,PR,4.172
Apucarana,PR,4.836
Arapongas,PR,4.854
Arapoti,PR,4.633
Arapuã,PR,4.646
Araruna,PR,4.805
Araucária,PR,4.162
Ariranha do Ivaí,PR,4.636
Assaí,PR,4.846
Assis Chateaubriand,PR,4.761
Astorga,PR,4.890
Atalaia,PR,4.910
Balsa Nova,PR,4.203
Bandeirantes,PR,4.877
Barbosa Ferraz,PR,4.734
Barra do Jacaré,PR,4.880
Barracão,PR,4.599
Bela Vista da Caroba,PR,4.638
Bela Vista do Paraíso,PR,4.933
Bituruna,PR,4.364
Boa Esperança,PR,4.763
Boa Esperança do Iguaçu,PR,4.627
Boa Ventura de São Roque,PR,4.499
Boa Vista da Aparecida,PR,4.644
Bocaiúva do Sul,PR,4.208
Bom Jesus do Sul,PR,4.620
Bom Sucesso,PR,4.818
Bom Sucesso do Sul,PR,4.517
Borrazópolis,PR,4.729
Braganey,PR,4.683
Brasilândia do Sul,PR,4.788
Cafeara,PR,4.936
Cafelândia,PR,4.709
Cafezal do Sul,PR,4.804
Califórnia,PR,4.811
Cambará,PR,4.913
Cambira,PR,4.825
Cambé,PR,4.904
Campina Grande do Sul,PR,4.181
Campina da Lagoa,PR,4.699
Campina do Simão,PR,4.449
Campo Bonito,PR,4.665
Campo Largo,PR,4.227
Campo Magro,PR,4.207
Campo Mourão,PR,4.765
Campo do Tenente,PR,4.141
Candói,PR,4.440
Cantagalo,PR,4.473
Capanema,PR,4.652
Capitão Leônidas Marques,PR,4.650
Carambeí,PR,4.339
Carlópolis,PR,4.755
Cascavel,PR,4.683
Castro,PR,4.348
Catanduvas,PR,4.656
Centenário do Sul,PR,4.941
Cerro Azul,PR,4.277
Chopinzinho,PR,4.470
Cianorte,PR,4.830
Cidade Gaúcha,PR,4.850
Clevelândia,PR,4.445
Colombo,PR,4.184
Colorado,PR,4.939
Congonhinhas,PR,4.756
Conselheiro Mairinck,PR,4.738
Contenda,PR,4.158
Corbélia,PR,4.698
Cornélio Procópio,PR,4.870
Coronel Domingos Soares,PR,4.405
Coronel Vivida,PR,4.471
Corumbataí do Sul,PR,4.742
Cruz Machado,PR,4.307
Cruzeiro do Iguaçu,PR,4.623
Cruzeiro do Oeste,PR,4.822
Cruzeiro do Sul,PR,4.923
Cruzmaltina,PR,4.702
Curitiba,PR,4.171
Curiúva,PR,4.674
Cândido de Abreu,PR,4.561
Céu Azul,PR,4.675
Diamante D'Oeste,PR,4.700
Diamante do Norte,PR,4.925
Diamante do Sul,PR,4.632
Dois Vizinhos,PR,4.595
Douradina,PR,4.854
Doutor Camargo,PR,4.853
Doutor Ulysses,PR,4.338
Engenheiro Beltrão,PR,4.821
Entre Rios do Oeste,PR,4.748
Enéas Marques,PR,4.580
Esperança Nova,PR,4.822
Espigão Alto do Iguaçu,PR,4.575
Farol,PR,4.785
Faxinal,PR,4.708
Fazenda Rio Grande,PR,4.141
Fernandes Pinheiro,PR,4.242
Figueira,PR,4.702
Flor da Serra do Sul,PR,4.560
Floraí,PR,4.880
Floresta,PR,4.847
Florestópolis,PR,4.944
Flórida,PR,4.916
Formosa do Oeste,PR,4.770
Foz do Iguaçu,PR,4.685
Foz do Jordão,PR,4.440
Francisco Alves,PR,4.796
Francisco Beltrão,PR,4.563
Fênix,PR,4.793
General Carneiro,PR,4.356
Godoy Moreira,PR,4.707
Goioerê,PR,4.782
Goioxim,PR,4.478
Grandes Rios,PR,4.661
Guairaçá,PR,4.913
Guamiranga,PR,4.302
Guapirama,PR,4.761
Guaporema,PR,4.856
Guaraci,PR,4.932
Guaraniaçu,PR,4.630
Guarapuava,PR,4.372
Guaraqueçaba,PR,4.126
Guaratuba,PR,4.064
Guaíra,PR,4.782
Honório Serpa,PR,4.445
Ibaiti,PR,4.705
Ibema,PR,4.656
Ibiporã,PR,4.888
Icaraíma,PR,4.850
Iguaraçu,PR,4.895
Iguatu,PR,4.692
Imbaú,PR,4.589
Imbituva,PR,4.287
Inajá,PR,4.942
Indianópolis,PR,4.846
Inácio Martins,PR,4.291
Ipiranga,PR,4.352
Iporã,PR,4.798
Iracema do Oeste,PR,4.752
Irati,PR,4.263
Iretama,PR,4.690
Itaguajé,PR,4.946
Itaipulândia,PR,4.695
Itambaracá,PR,4.923
Itambé,PR,4.826
Itapejara d'Oeste,PR,4.523
Itaperuçu,PR,4.225
Itaúna do Sul,PR,4.921
Ivaiporã,PR,4.654
Ivatuba,PR,4.847
Ivaté,PR,4.853
Ivaí,PR,4.362
Jaboti,PR,4.711
Jacarezinho,PR,4.839
Jaguapitã,PR,4.919
Jaguariaíva,PR,4.520
Jandaia do Sul,PR,4.831
Janiópolis,PR,4.785
Japira,PR,4.708
Japurá,PR,4.856
Jardim Alegre,PR,4.676
Jardim Olinda,PR,4.948
Jataizinho,PR,4.880
Jesuítas,PR,4.757
Joaquim Távora,PR,4.763
Jundiaí do Sul,PR,4.769
Juranda,PR,4.736
Jussara,PR,4.844
Kaloré,PR,4.784
Lapa,PR,4.190
Laranjal,PR,4.610
Laranjeiras do Sul,PR,4.485
Leópolis,PR,4.922
Lidianópolis,PR,4.678
Lindoeste,PR,4.666
Loanda,PR,4.881
Lobato,PR,4.933
Londrina,PR,4.831
Luiziana,PR,4.704
Lunardelli,PR,4.690
Lupionópolis,PR,4.940
Mallet,PR,4.242
Mamborê,PR,4.725
Mandaguari,PR,4.854
Mandaguaçu,PR,4.893
Mandirituba,PR,4.118
Manfrinópolis,PR,4.578
Mangueirinha,PR,4.431
Manoel Ribas,PR,4.624
Marechal Cândido Rondon,PR,4.753
Maria Helena,PR,4.837
Marialva,PR,4.852
Marilena,PR,4.906
Mariluz,PR,4.800
Marilândia do Sul,PR,4.779
Maringá,PR,4.874
Maripá,PR,4.758
Mariópolis,PR,4.477
Marmeleiro,PR,4.536
Marquinho,PR,4.492
Marumbi,PR,4.811
Matelândia,PR,4.674
Matinhos,PR,4.047
Mato Rico,PR,4.628
Mauá da Serra,PR,4.737
Medianeira,PR,4.688
Mercedes,PR,4.761
Mirador,PR,4.873
Miraselva,PR,4.935
Missal,PR,4.694
Moreira Sales,PR,4.802
Morretes,PR,4.110
Munhoz de Melo,PR,4.913
Nossa Senhora das Graças,PR,4.934
Nova Aliança do Ivaí,PR,4.894
Nova América da Colina,PR,4.840
Nova Aurora,PR,4.736
Nova Cantu,PR,4.674
Nova Esperança,PR,4.901
Nova Esperança do Sudoeste,PR,4.607
Nova Fátima,PR,4.807
Nova Laranjeiras,PR,4.528
Nova Londrina,PR,4.911
Nova Olímpia,PR,4.848
Nova Prata do Iguaçu,PR,4.633
Nova Santa Bárbara,PR,4.773
Nova Santa Rosa,PR,4.760
Nova Tebas,PR,4.643
Novo Itacolomi,PR,4.792
Ortigueira,PR,4.666
Ourizona,PR,4.867
Ouro Verde do Oeste,PR,4.717
Paiçandu,PR,4.868
Palmas,PR,4.397
Palmeira,PR,4.252
Palmital,PR,4.582
Palotina,PR,4.780
Paranacity,PR,4.935
Paranaguá,PR,4.059
Paranapoema,PR,4.946
Paranavaí,PR,4.918
Paraíso do Norte,PR,4.876
Pato Bragado,PR,4.754
Pato Branco,PR,4.481
Paula Freitas,PR,4.261
Paulo Frontin,PR,4.245
Peabiru,PR,4.795
Perobal,PR,4.805
Pinhais,PR,4.153
Pinhal de São Bento,PR,4.620
Pinhalão,PR,4.671
Pinhão,PR,4.373
Piraquara,PR,4.139
Piraí do Sul,PR,4.479
Pitanga,PR,4.596
Pitangueiras,PR,4.893
Piên,PR,4.102
Planaltina do Paraná,PR,4.876
Planalto,PR,4.644
Ponta Grossa,PR,4.286
Pontal do Paraná,PR,4.042
Porecatu,PR,4.950
Porto Amazonas,PR,4.236
Porto Barreiro,PR,4.479
Porto Rico,PR,4.885
Porto Vitória,PR,4.325
Prado Ferreira,PR,4.929
Pranchita,PR,4.640
Presidente Castelo Branco,PR,4.897
Primeiro de Maio,PR,4.951
Prudentópolis,PR,4.363
Pérola,PR,4.810
Pérola d'Oeste,PR,4.641
Quarto Centenário,PR,4.764
Quatiguá,PR,4.741
Quatro Barras,PR,4.158
Quatro Pontes,PR,4.749
Quedas do Iguaçu,PR,4.617
Querência do Norte,PR,4.870
Quinta do Sol,PR,4.808
Quitandinha,PR,4.126
Ramilândia,PR,4.692
Rancho Alegre,PR,4.912
Rancho Alegre D'Oeste,PR,4.763
Realeza,PR,4.641
Rebouças,PR,4.228
Renascença,PR,4.521
Reserva,PR,4.551
Reserva do Iguaçu,PR,4.415
Ribeirão Claro,PR,4.796
Ribeirão do Pinhal,PR,4.782
Rio Azul,PR,4.239
Rio Bom,PR,4.781
Rio Bonito do Iguaçu,PR,4.527
Rio Branco do Ivaí,PR,4.641
Rio Branco do Sul,PR,4.238
Rio Negro,PR,4.120
Rolândia,PR,4.878
Roncador,PR,4.667
Rondon,PR,4.846
Rosário do Ivaí,PR,4.637
Sabáudia,PR,4.866
Salgado Filho,PR,4.587
Salto do Itararé,PR,4.713
Salto do Lontra,PR,4.626
Santa Amélia,PR,4.857
Santa Cecília do Pavão,PR,4.781
Santa Cruz de Monte Castelo,PR,4.871
Santa Fé,PR,4.920
Santa Helena,PR,4.717
Santa Inês,PR,4.943
Santa Isabel do Ivaí,PR,4.870
Santa Izabel do Oeste,PR,4.631
Santa Lúcia,PR,4.650
Santa Maria do Oeste,PR,4.517
Santa Mariana,PR,4.913
Santa Mônica,PR,4.864
Santa Tereza do Oeste,PR,4.685
Santa Terezinha de Itaipu,PR,4.685
Santana do Itararé,PR,4.691
Santo Antônio da Platina,PR,4.806
Santo Antônio do Caiuá,PR,4.936
Santo Antônio do Paraíso,PR,4.770
Santo Antônio do Sudoeste,PR,4.635
Santo Inácio,PR,4.940
Sapopema,PR,4.708
Sarandi,PR,4.864
Saudade do Iguaçu,PR,4.523
Sengés,PR,4.512
Serranópolis do Iguaçu,PR,4.667
Sertaneja,PR,4.942
Sertanópolis,PR,4.924
Siqueira Campos,PR,4.715
Sulina,PR,4.541
São Carlos do Ivaí,PR,4.879
São Jerônimo da Serra,PR,4.749
São Jorge d'Oeste,PR,4.590
São Jorge do Ivaí,PR,4.868
São Jorge do Patrocínio,PR,4.823
São José da Boa Vista,PR,4.641
São José das Palmeiras,PR,4.718
São José dos Pinhais,PR,4.120
São João,PR,4.539
São João do Caiuá,PR,4.929
São João do Ivaí,PR,4.738
São João do Triunfo,PR,4.221
São Manoel do Paraná,PR,4.863
São Mateus do Sul,PR,4.207
São Miguel do Iguaçu,PR,4.686
São Pedro do Iguaçu,PR,4.698
São Pedro do Ivaí,PR,4.800
São Pedro do Paraná,PR,4.896
São Sebastião da Amoreira,PR,4.812
São Tomé,PR,4.848
Tamarana,PR,4.752
Tamboara,PR,4.898
Tapejara,PR,4.833
Tapira,PR,4.853
Teixeira Soares,PR,4.266
Telêmaco Borba,PR,4.622
Terra Boa,PR,4.838
Terra Rica,PR,4.925
Terra Roxa,PR,4.781
Tibagi,PR,4.456
Tijucas do Sul,PR,4.091
Toledo,PR,4.726
Tomazina,PR,4.701
Três Barras do Paraná,PR,4.636
Tunas do Paraná,PR,4.238
Tuneiras do Oeste,PR,4.813
Tupãssi,PR,4.725
Turvo,PR,4.445
Ubiratã,PR,4.724
Umuarama,PR,4.823
Uniflor,PR,4.917
União da Vitória,PR,4.287
Uraí,PR,4.884
Ventania,PR,4.634
Vera Cruz do Oeste,PR,4.694
Verê,PR,4.550
Virmond,PR,4.472
Vitorino,PR,4.498
Wenceslau Braz,PR,4.672
Xambrê,PR,4.818
Ângulo,PR,4.900
Angra dos Reis,RJ,4.375
Aperibé,RJ,4.548
Araruama,RJ,4.520
Areal,RJ,4.361
Armação dos Búzios,RJ,4.540
Arraial do Cabo,RJ,4.532
Barra Mansa,RJ,4.402
Barra do Piraí,RJ,4.444
Belford Roxo,RJ,4.459
Bom Jardim,RJ,4.474
Bom Jesus do Itabapoana,RJ,4.675
Cabo Frio,RJ,4.531
Cachoeiras de Macacu,RJ,4.419
Cambuci,RJ,4.594
Campos dos Goytacazes,RJ,4.639
Cantagalo,RJ,4.471
Carapebus,RJ,4.621
Cardoso Moreira,RJ,4.648
Carmo,RJ,4.404
Casimiro de Abreu,RJ,4.525
Comendador Levy Gasparian,RJ,4.374
Conceição de Macabu,RJ,4.605
Cordeiro,RJ,4.477
Duas Barras,RJ,4.400
Duque de Caxias,RJ,4.446
Engenheiro Paulo de Frontin,RJ,4.463
Guapimirim,RJ,4.397
Iguaba Grande,RJ,4.528
Itaboraí,RJ,4.444
Itaguaí,RJ,4.448
Italva,RJ,4.640
Itaocara,RJ,4.549
Itaperuna,RJ,4.640
Itatiaia,RJ,4.455
Japeri,RJ,4.471
Laje do Muriaé,RJ,4.601
Macaé,RJ,4.572
Macuco,RJ,4.492
Magé,RJ,4.398
Mangaratiba,RJ,4.408
Maricá,RJ,4.482
Mendes,RJ,4.461
Mesquita,RJ,4.469
Miguel Pereira,RJ,4.457
Miracema,RJ,4.583
Natividade,RJ,4.656
Nilópolis,RJ,4.461
Niterói,RJ,4.425
Nova Friburgo,RJ,4.434
Nova Iguaçu,RJ,4.472
Paracambi,RJ,4.463
Paraty,RJ,4.322
Paraíba do Sul,RJ,4.383
Paty do Alferes,RJ,4.420
Petrópolis,RJ,4.398
Pinheiral,RJ,4.441
Piraí,RJ,4.448
Porciúncula,RJ,4.660
Porto Real,RJ,4.373
Quatis,RJ,4.412
Queimados,RJ,4.467
Quissamã,RJ,4.638
Resende,RJ,4.430
Rio Bonito,RJ,4.495
Rio Claro,RJ,4.412
Rio das Flores,RJ,4.397
Rio das Ostras,RJ,4.555
Rio de Janeiro,RJ,4.453
Santa Maria Madalena,RJ,4.594
Santo Antônio de Pádua,RJ,4.556
Sapucaia,RJ,4.361
Saquarema,RJ,4.525
Seropédica,RJ,4.466
Silva Jardim,RJ,4.493
Sumidouro,RJ,4.357
São Fidélis,RJ,4.608
São Francisco de Itabapoana,RJ,4.674
São Gonçalo,RJ,4.434
São José de Ubá,RJ,4.604
São José do Vale do Rio Preto,RJ,4.342
São João da Barra,RJ,4.646
São João de Meriti,RJ,4.452
São Pedro da Aldeia,RJ,4.526
São Sebastião do Alto,RJ,4.541
Tanguá,RJ,4.474
Teresópolis,RJ,4.359
Trajano de Moraes,RJ,4.533
Três Rios,RJ,4.353
Valença,RJ,4.407
Varre-Sai,RJ,4.670
Vassouras,RJ,4.430
Volta Redonda,RJ,4.432
Acari,RN,5.664
Afonso Bezerra,RN,5.718
Alexandria,RN,5.826
Almino Afonso,RN,5.814
Alto do Rodrigues,RN,5.730
Angicos,RN,5.717
Antônio Martins,RN,5.820
Apodi,RN,5.768
Areia Branca,RN,5.737
Arês,RN,5.614
Augusto Severo,RN,5.755
Açu,RN,5.739
Baraúna,RN,5.736
Barcelona,RN,5.635
Baía Formosa,RN,5.578
Bento Fernandes,RN,5.658
Bodó,RN,5.692
Bom Jesus,RN,5.623
Brejinho,RN,5.615
Caicó,RN,5.755
Caiçara do Norte,RN,5.701
Caiçara do Rio do Vento,RN,5.671
Campo Redondo,RN,5.631
Canguaretama,RN,5.595
Caraúbas,RN,5.753
Carnaubais,RN,5.735
Carnaúba dos Dantas,RN,5.645
Ceará-Mirim,RN,5.648
Cerro Corá,RN,5.668
Coronel Ezequiel,RN,5.629
Coronel João Pessoa,RN,5.809
Cruzeta,RN,5.714
Currais Novos,RN,5.656
Doutor Severiano,RN,5.812
Encanto,RN,5.820
Equador,RN,5.627
Espírito Santo,RN,5.613
Extremoz,RN,5.618
Felipe Guerra,RN,5.755
Fernando Pedroza,RN,5.700
Florânia,RN,5.730
Francisco Dantas,RN,5.830
Frutuoso Gomes,RN,5.814
Galinhos,RN,5.704
Goianinha,RN,5.612
Governador Dix-Sept Rosado,RN,5.749
Grossos,RN,5.745
Guamaré,RN,5.706
Ielmo Marinho,RN,5.639
Ipanguaçu,RN,5.735
Ipueira,RN,5.752
Itajá,RN,5.741
Itaú,RN,5.798
Jandaíra,RN,5.702
Janduís,RN,5.778
Januário Cicco,RN,5.622
Japi,RN,5.611
Jardim de Angicos,RN,5.679
Jardim de Piranhas,RN,5.790
Jardim do Seridó,RN,5.679
Jaçanã,RN,5.630
José da Penha,RN,5.819
João Câmara,RN,5.679
João Dias,RN,5.818
Jucurutu,RN,5.752
Jundiá,RN,5.615
Lagoa Nova,RN,5.690
Lagoa Salgada,RN,5.619
Lagoa d'Anta,RN,5.610
Lagoa de Pedras,RN,5.616
Lagoa de Velhos,RN,5.627
Lajes,RN,5.687
Lajes Pintadas,RN,5.632
Lucrécia,RN,5.811
Luís Gomes,RN,5.812
Macau,RN,5.714
Macaíba,RN,5.617
Major Sales,RN,5.813
Marcelino Vieira,RN,5.826
Martins,RN,5.814
Maxaranguape,RN,5.656
Messias Targino,RN,5.790
Montanhas,RN,5.594
Monte Alegre,RN,5.619
Monte das Gameleiras,RN,5.609
Mossoró,RN,5.742
Natal,RN,5.616
Nova Cruz,RN,5.609
Nísia Floresta,RN,5.614
Olho-d'Água do Borges,RN,5.794
Ouro Branco,RN,5.685
Paraná,RN,5.818
Parazinho,RN,5.699
Paraú,RN,5.745
Parelhas,RN,5.637
Parnamirim,RN,5.611
Passa e Fica,RN,5.608
Passagem,RN,5.615
Patu,RN,5.801
Pau dos Ferros,RN,5.826
Pedra Grande,RN,5.703
Pedra Preta,RN,5.691
Pedro Avelino,RN,5.705
Pedro Velho,RN,5.595
Pendências,RN,5.722
Pilões,RN,5.823
Portalegre,RN,5.826
Porto do Mangue,RN,5.738
Poço Branco,RN,5.662
Pureza,RN,5.675
Rafael Fernandes,RN,5.826
Rafael Godeiro,RN,5.807
Riacho da Cruz,RN,5.829
Riacho de Santana,RN,5.820
Riachuelo,RN,5.646
Rio do Fogo,RN,5.664
Rodolfo Fernandes,RN,5.824
Ruy Barbosa,RN,5.644
Santa Cruz,RN,5.623
Santa Maria,RN,5.634
Santana do Matos,RN,5.722
Santana do Seridó,RN,5.656
Santo Antônio,RN,5.612
Senador Elói de Souza,RN,5.622
Senador Georgino Avelino,RN,5.613
Serra Caiada,RN,5.621
Serra Negra do Norte,RN,5.801
Serra de São Bento,RN,5.610
Serra do Mel,RN,5.740
Serrinha,RN,5.616
Serrinha dos Pintos,RN,5.827
Severiano Melo,RN,5.819
São Bento do Norte,RN,5.701
São Bento do Trairí,RN,5.619
São Fernando,RN,5.773
São Francisco do Oeste,RN,5.828
São Gonçalo do Amarante,RN,5.623
São José de Mipibu,RN,5.615
São José do Campestre,RN,5.615
São José do Seridó,RN,5.705
São João do Sabugi,RN,5.768
São Miguel,RN,5.805
São Miguel do Gostoso,RN,5.687
São Paulo do Potengi,RN,5.628
São Pedro,RN,5.628
São Rafael,RN,5.742
São Tomé,RN,5.648
São Vicente,RN,5.700
Sítio Novo,RN,5.627
Taboleiro Grande,RN,5.828
Taipu,RN,5.659
Tangará,RN,5.620
Tenente Ananias,RN,5.835
Tenente Laurentino Cruz,RN,5.726
Tibau,RN,5.740
Tibau do Sul,RN,5.611
Timbaúba dos Batistas,RN,5.798
Touros,RN,5.679
Triunfo Potiguar,RN,5.746
Umarizal,RN,5.807
Upanema,RN,5.741
Venha-Ver,RN,5.804
Vera Cruz,RN,5.622
Vila Flor,RN,5.599
Viçosa,RN,5.826
Várzea,RN,5.612
Água Nova,RN,5.821
Alta Floresta D'Oeste,RO,4.615
Alto Alegre dos Parecis,RO,4.656
Alto Paraíso,RO,4.543
Alvorada D'Oeste,RO,4.559
Ariquemes,RO,4.553
Buritis,RO,4.532
Cabixi,RO,4.780
Cacaulândia,RO,4.553
Cacoal,RO,4.616
Campo Novo de Rondônia,RO,4.536
Candeias do Jamari,RO,4.545
Castanheiras,RO,4.590
Cerejeiras,RO,4.749
Chupinguaia,RO,4.713
Colorado do Oeste,RO,4.771
Corumbiara,RO,4.729
Costa Marques,RO,4.538
Cujubim,RO,4.554
Espigão D'Oeste,RO,4.641
Governador Jorge Teixeira,RO,4.552
Guajará-Mirim,RO,4.516
Itapuã do Oeste,RO,4.547
Jaru,RO,4.563
Ji-Paraná,RO,4.580
Machadinho D'Oeste,RO,4.562
Ministro Andreazza,RO,4.604
Mirante da Serra,RO,4.551
Monte Negro,RO,4.547
Nova Brasilândia D'Oeste,RO,4.572
Nova Mamoré,RO,4.511
Nova União,RO,4.567
Novo Horizonte do Oeste,RO,4.580
Ouro Preto do Oeste,RO,4.571
Parecis,RO,4.664
Pimenta Bueno,RO,4.677
Pimenteiras do Oeste,RO,4.733
Porto Velho,RO,4.517
Presidente Médici,RO,4.580
Primavera de Rondônia,RO,4.633
Rio Crespo,RO,4.551
Rolim de Moura,RO,4.609
Santa Luzia D'Oeste,RO,4.622
Seringueiras,RO,4.559
São Felipe D'Oeste,RO,4.628
São Francisco do Guaporé,RO,4.587
São Miguel do Guaporé,RO,4.557
Teixeirópolis,RO,4.566
Theobroma,RO,4.562
Urupá,RO,4.564
Vale do Anari,RO,4.565
Vale do Paraíso,RO,4.568
Vilhena,RO,4.716
Alto Alegre,RR,4.633
Amajari,RR,4.638
Boa Vista,RR,4.710
Bonfim,RR,4.723
Cantá,RR,4.716
Caracaraí,RR,4.691
Caroebe,RR,4.731
Iracema,RR,4.655
Mucajaí,RR,4.665
Normandia,RR,4.727
Pacaraima,RR,4.694
Rorainópolis,RR,4.690
São João da Baliza,RR,4.721
São Luiz,RR,4.718
Uiramutã,RR,4.719
Aceguá,RS,4.470
Agudo,RS,4.484
Ajuricaba,RS,4.593
Alecrim,RS,4.657
Alegrete,RS,4.639
Alegria,RS,4.599
Almirante Tamandaré do Sul,RS,4.552
Alpestre,RS,4.596
Alto Alegre,RS,4.514
Alto Feliz,RS,4.440
Alvorada,RS,4.430
Amaral Ferrador,RS,4.438
Ametista do Sul,RS,4.585
André da Rocha,RS,4.470
Anta Gorda,RS,4.458
Antônio Prado,RS,4.436
Arambaré,RS,4.434
Araricá,RS,4.431
Aratiba,RS,4.533
Arroio Grande,RS,4.447
Arroio do Meio,RS,4.443
Arroio do Padre,RS,4.435
Arroio do Sal,RS,4.377
Arroio do Tigre,RS,4.494
Arroio dos Ratos,RS,4.437
Arvorezinha,RS,4.468
Augusto Pestana,RS,4.598
Bagé,RS,4.495
Balneário Pinhal,RS,4.409
Barra Funda,RS,4.566
Barra do Guarita,RS,4.605
Barra do Quaraí,RS,4.634
Barra do Ribeiro,RS,4.431
Barra do Rio Azul,RS,4.540
Barracão,RS,4.468
Barros Cassal,RS,4.478
Barão,RS,4.446
Barão de Cotegipe,RS,4.551
Barão do Triunfo,RS,4.436
Benjamin Constant do Sul,RS,4.555
Bento Gonçalves,RS,4.446
Boa Vista das Missões,RS,4.574
Boa Vista do Buricá,RS,4.592
Boa Vista do Cadeado,RS,4.595
Boa Vista do Incra,RS,4.547
Boa Vista do Sul,RS,4.439
Bom Jesus,RS,4.362
Bom Princípio,RS,4.440
Bom Progresso,RS,4.599
Bom Retiro do Sul,RS,4.440
Boqueirão do Leão,RS,4.464
Bossoroca,RS,4.648
Bozano,RS,4.587
Braga,RS,4.592
Brochier,RS,4.438
Butiá,RS,4.441
Cacequi,RS,4.585
Cachoeira do Sul,RS,4.444
Cachoeirinha,RS,4.426
Cacique Doble,RS,4.494
Caibaté,RS,4.626
Caiçara,RS,4.597
Camaquã,RS,4.438
Camargo,RS,4.494
Cambará do Sul,RS,4.360
Campestre da Serra,RS,4.414
Campina das Missões,RS,4.636
Campinas do Sul,RS,4.559
Campo Bom,RS,4.436
Campo Novo,RS,4.580
Campos Borges,RS,4.511
Candelária,RS,4.461
Candiota,RS,4.459
Canela,RS,4.414
Canguçu,RS,4.434
Canoas,RS,4.428
Canudos do Vale,RS,4.453
Capela de Santana,RS,4.435
Capitão,RS,4.447
Capivari do Sul,RS,4.412
Capão Bonito do Sul,RS,4.466
Capão da Canoa,RS,4.383
Capão do Cipó,RS,4.616
Capão do Leão,RS,4.449
Carazinho,RS,4.548
Caraá,RS,4.399
Carlos Barbosa,RS,4.446
Carlos Gomes,RS,4.519
Casca,RS,4.496
Caseiros,RS,4.493
Catuípe,RS,4.600
Caxias do Sul,RS,4.417
Caçapava do Sul,RS,4.480
Centenário,RS,4.529
Cerrito,RS,4.445
Cerro Branco,RS,4.473
Cerro Grande,RS,4.567
Cerro Grande do Sul,RS,4.437
Cerro Largo,RS,4.628
Chapada,RS,4.563
Charqueadas,RS,4.432
Charrua,RS,4.527
Chiapetta,RS,4.599
Chuvisca,RS,4.435
Chuí,RS,4.446
Cidreira,RS,4.405
Ciríaco,RS,4.502
Colinas,RS,4.440
Colorado,RS,4.545
Condor,RS,4.573
Constantina,RS,4.564
Coqueiro Baixo,RS,4.454
Coqueiros do Sul,RS,4.531
Coronel Barros,RS,4.597
Coronel Bicaco,RS,4.580
Coronel Pilar,RS,4.444
Cotiporã,RS,4.463
Coxilha,RS,4.530
Crissiumal,RS,4.603
Cristal,RS,4.438
Cristal do Sul,RS,4.590
Cruz Alta,RS,4.572
Cruzaltense,RS,4.559
Cruzeiro do Sul,RS,4.443
Cândido Godói,RS,4.636
David Canabarro,RS,4.493
Derrubadas,RS,4.609
Dezesseis de Novembro,RS,4.649
Dilermando de Aguiar,RS,4.552
Dois Irmãos,RS,4.431
Dois Irmãos das Missões,RS,4.578
Dois Lajeados,RS,4.468
Dom Feliciano,RS,4.440
Dom Pedrito,RS,4.552
Dom Pedro de Alcântara,RS,4.367
Dona Francisca,RS,4.516
Doutor Maurício Cardoso,RS,4.606
Doutor Ricardo,RS,4.454
Eldorado do Sul,RS,4.433
Encantado,RS,4.448
Encruzilhada do Sul,RS,4.438
Engenho Velho,RS,4.570
Entre Rios do Sul,RS,4.570
Entre-Ijuís,RS,4.609
Erebango,RS,4.538
Erechim,RS,4.542
Ernestina,RS,4.507
Erval Grande,RS,4.556
Erval Seco,RS,4.585
Esmeralda,RS,4.428
Esperança do Sul,RS,4.607
Espumoso,RS,4.492
Estação,RS,4.533
Esteio,RS,4.432
Estrela,RS,4.437
Estrela Velha,RS,4.508
Estância Velha,RS,4.435
Eugênio de Castro,RS,4.608
Fagundes Varela,RS,4.467
Farroupilha,RS,4.443
Faxinal do Soturno,RS,4.544
Faxinalzinho,RS,4.562
Fazenda Vilanova,RS,4.436
Feliz,RS,4.439
Flores da Cunha,RS,4.434
Floriano Peixoto,RS,4.533
Fontoura Xavier,RS,4.470
Formigueiro,RS,4.515
Forquetinha,RS,4.448
Fortaleza dos Valos,RS,4.526
Frederico Westphalen,RS,4.591
Garibaldi,RS,4.451
Garruchos,RS,4.671
Gaurama,RS,4.535
General Câmara,RS,4.444
Gentil,RS,4.507
Getúlio Vargas,RS,4.531
Giruá,RS,4.609
Glorinha,RS,4.415
Gramado,RS,4.416
Gramado Xavier,RS,4.473
Gramado dos Loureiros,RS,4.578
Gravataí,RS,4.429
Guabiju,RS,4.479
Guaporé,RS,4.471
Guarani das Missões,RS,4.624
Guaíba,RS,4.431
Harmonia,RS,4.432
Herval,RS,4.448
Herveiras,RS,4.469
Horizontina,RS,4.604
Hulha Negra,RS,4.471
Humaitá,RS,4.599
Ibarama,RS,4.493
Ibiaçá,RS,4.502
Ibiraiaras,RS,4.483
Ibirapuitã,RS,4.499
Ibirubá,RS,4.543
Igrejinha,RS,4.408
Ijuí,RS,4.595
Ilópolis,RS,4.463
Imbé,RS,4.396
Imigrante,RS,4.439
Independência,RS,4.609
Inhacorá,RS,4.602
Ipiranga do Sul,RS,4.539
Ipê,RS,4.444
Iraí,RS,4.606
Itaara,RS,4.562
Itacurubi,RS,4.659
Itapuca,RS,4.475
Itaqui,RS,4.655
Itati,RS,4.386
Itatiba do Sul,RS,4.545
Ivorá,RS,4.554
Ivoti,RS,4.433
Jaboticaba,RS,4.570
Jacuizinho,RS,4.502
Jacutinga,RS,4.544
Jaguari,RS,4.592
Jaguarão,RS,4.449
Jaquirana,RS,4.368
Jari,RS,4.585
Jóia,RS,4.606
Júlio de Castilhos,RS,4.562
Lagoa Bonita do Sul,RS,4.478
Lagoa Vermelha,RS,4.474
Lagoa dos Três Cantos,RS,4.532
Lagoão,RS,4.484
Lajeado,RS,4.441
Lajeado do Bugre,RS,4.568
Lavras do Sul,RS,4.525
Liberato Salzano,RS,4.569
Lindolfo Collor,RS,4.438
Linha Nova,RS,4.432
Machadinho,RS,4.492
Mampituba,RS,4.365
Manoel Viana,RS,4.640
Maquiné,RS,4.394
Maratá,RS,4.437
Marau,RS,4.496
Marcelino Ramos,RS,4.507
Mariana Pimentel,RS,4.435
Mariano Moro,RS,4.519
Marques de Souza,RS,4.451
Mata,RS,4.578
Mato Castelhano,RS,4.507
Mato Leitão,RS,4.447
Mato Queimado,RS,4.627
Maximiliano de Almeida,RS,4.509
Maçambará,RS,4.650
Minas do Leão,RS,4.443
Miraguaí,RS,4.599
Montauri,RS,4.492
Monte Alegre dos Campos,RS,4.390
Monte Belo do Sul,RS,4.449
Montenegro,RS,4.434
Mormaço,RS,4.494
Morrinhos do Sul,RS,4.370
Morro Redondo,RS,4.444
Morro Reuter,RS,4.423
Mostardas,RS,4.426
Muitos Capões,RS,4.445
Muliterno,RS,4.494
Muçum,RS,4.448
Nicolau Vergueiro,RS,4.501
Nonoai,RS,4.577
Nova Alvorada,RS,4.481
Nova Araçá,RS,4.485
Nova Bassano,RS,4.475
Nova Boa Vista,RS,4.564
Nova Bréscia,RS,4.451
Nova Candelária,RS,4.595
Nova Esperança do Sul,RS,4.610
Nova Hartz,RS,4.414
Nova Palma,RS,4.544
Nova Petrópolis,RS,4.423
Nova Prata,RS,4.468
Nova Pádua,RS,4.438
Nova Ramada,RS,4.582
Nova Roma do Sul,RS,4.439
Nova Santa Rita,RS,4.433
Novo Barreiro,RS,4.565
Novo Cabrais,RS,4.470
Novo Hamburgo,RS,4.431
Novo Machado,RS,4.614
Novo Tiradentes,RS,4.570
Novo Xingu,RS,4.564
Não-Me-Toque,RS,4.543
Osório,RS,4.399
Paim Filho,RS,4.507
Palmares do Sul,RS,4.422
Palmeira das Missões,RS,4.572
Palmitinho,RS,4.598
Panambi,RS,4.576
Pantano Grande,RS,4.440
Paraí,RS,4.487
Paraíso do Sul,RS,4.475
Pareci Novo,RS,4.432
Parobé,RS,4.414
Passa Sete,RS,4.482
Passo Fundo,RS,4.507
Passo do Sobrado,RS,4.446
Paulo Bento,RS,4.547
Paverama,RS,4.436
Pedras Altas,RS,4.456
Pedro Osório,RS,4.444
Pejuçara,RS,4.580
Pelotas,RS,4.444
Picada Café,RS,4.421
Pinhal,RS,4.574
Pinhal Grande,RS,4.521
Pinhal da Serra,RS,4.428
Pinheirinho do Vale,RS,4.603
Pinheiro Machado,RS,4.449
Pirapó,RS,4.660
Piratini,RS,4.440
Planalto,RS,4.591
Ponte Preta,RS,4.557
Pontão,RS,4.528
Porto Alegre,RS,4.435
Porto Lucena,RS,4.643
Porto Mauá,RS,4.645
Porto Vera Cruz,RS,4.646
Porto Xavier,RS,4.647
Portão,RS,4.440
Pouso Novo,RS,4.458
Poço das Antas,RS,4.437
Presidente Lucena,RS,4.434
Progresso,RS,4.460
Protásio Alves,RS,4.459
Putinga,RS,4.460
Quaraí,RS,4.630
Quatro Irmãos,RS,4.542
Quevedos,RS,4.581
Quinze de Novembro,RS,4.529
Redentora,RS,4.588
Relvado,RS,4.453
Restinga Sêca,RS,4.498
Rio Grande,RS,4.453
Rio Pardo,RS,4.445
Rio dos Índios,RS,4.586
Riozinho,RS,4.399
Roca Sales,RS,4.444
Rodeio Bonito,RS,4.580
Rolador,RS,4.631
Rolante,RS,4.401
Ronda Alta,RS,4.565
Rondinha,RS,4.573
Roque Gonzales,RS,4.644
Rosário do Sul,RS,4.598
Sagrada Família,RS,4.565
Saldanha Marinho,RS,4.553
Salto do Jacuí,RS,4.515
Salvador das Missões,RS,4.632
Salvador do Sul,RS,4.439
Sananduva,RS,4.508
Sant'Ana do Livramento,RS,4.607
Santa Bárbara do Sul,RS,4.559
Santa Cecília do Sul,RS,4.507
Santa Clara do Sul,RS,4.446
Santa Cruz do Sul,RS,4.451
Santa Margarida do Sul,RS,4.538
Santa Maria,RS,4.543
Santa Maria do Herval,RS,4.417
Santa Rosa,RS,4.618
Santa Tereza,RS,4.447
Santa Vitória do Palmar,RS,4.455
Santana da Boa Vista,RS,4.447
Santiago,RS,4.621
Santo Antônio da Patrulha,RS,4.406
Santo Antônio das Missões,RS,4.669
Santo Antônio do Palma,RS,4.502
Santo Antônio do Planalto,RS,4.524
Santo Augusto,RS,4.582
Santo Cristo,RS,4.639
Santo Expedito do Sul,RS,4.493
Santo Ângelo,RS,4.607
Sapiranga,RS,4.428
Sapucaia do Sul,RS,4.431
Sarandi,RS,4.566
Seberi,RS,4.586
Sede Nova,RS,4.585
Segredo,RS,4.487
Selbach,RS,4.530
Senador Salgado Filho,RS,4.623
Sentinela do Sul,RS,4.435
Serafina Corrêa,RS,4.477
Sertão,RS,4.533
Sertão Santana,RS,4.435
Sete de Setembro,RS,4.620
Severiano de Almeida,RS,4.514
Silveira Martins,RS,4.541
Sinimbu,RS,4.462
Sobradinho,RS,4.485
Soledade,RS,4.487
São Borja,RS,4.662
São Domingos do Sul,RS,4.492
São Francisco de Assis,RS,4.624
São Francisco de Paula,RS,4.396
São Gabriel,RS,4.553
São Jerônimo,RS,4.438
São Jorge,RS,4.484
São José das Missões,RS,4.565
São José do Herval,RS,4.464
São José do Hortêncio,RS,4.438
São José do Inhacorá,RS,4.598
São José do Norte,RS,4.444
São José do Ouro,RS,4.482
São José do Sul,RS,4.432
São José dos Ausentes,RS,4.330
São João da Urtiga,RS,4.508
São João do Polêsine,RS,4.536
São Leopoldo,RS,4.433
São Lourenço do Sul,RS,4.435
São Luiz Gonzaga,RS,4.638
São Marcos,RS,4.417
São Martinho,RS,4.583
São Martinho da Serra,RS,4.567
São Miguel das Missões,RS,4.619
São Nicolau,RS,4.663
São Paulo das Missões,RS,4.639
São Pedro da Serra,RS,4.442
São Pedro das Missões,RS,4.568
São Pedro do Butiá,RS,4.634
São Pedro do Sul,RS,4.566
São Sebastião do Caí,RS,4.440
São Sepé,RS,4.516
São Valentim,RS,4.555
São Valentim do Sul,RS,4.465
São Valério do Sul,RS,4.585
São Vendelino,RS,4.442
São Vicente do Sul,RS,4.589
Sério,RS,4.453
Tabaí,RS,4.437
Tapejara,RS,4.524
Tapera,RS,4.523
Tapes,RS,4.430
Taquara,RS,4.412
Taquari,RS,4.440
Taquaruçu do Sul,RS,4.596
Tavares,RS,4.431
Tenente Portela,RS,4.600
Terra de Areia,RS,4.383
Teutônia,RS,4.436
Tio Hugo,RS,4.504
Tiradentes do Sul,RS,4.607
Toropi,RS,4.574
Torres,RS,4.351
Tramandaí,RS,4.399
Travesseiro,RS,4.451
Trindade do Sul,RS,4.580
Triunfo,RS,4.435
Três Arroios,RS,4.530
Três Cachoeiras,RS,4.377
Três Coroas,RS,4.406
Três Forquilhas,RS,4.379
Três Palmeiras,RS,4.580
Três Passos,RS,4.604
Três de Maio,RS,4.608
Tucunduva,RS,4.610
Tunas,RS,4.489
Tupanci do Sul,RS,4.483
Tupanciretã,RS,4.595
Tupandi,RS,4.444
Tuparendi,RS,4.621
Turuçu,RS,4.441
Ubiretama,RS,4.630
Unistalda,RS,4.639
União da Serra,RS,4.467
Uruguaiana,RS,4.651
Vacaria,RS,4.402
Vale Real,RS,4.437
Vale Verde,RS,4.445
Vale do Sol,RS,4.462
Vanini,RS,4.492
Venâncio Aires,RS,4.449
Vera Cruz,RS,4.451
Veranópolis,RS,4.449
Vespasiano Corrêa,RS,4.455
Viadutos,RS,4.517
Viamão,RS,4.427
Vicente Dutra,RS,4.604
Victor Graeff,RS,4.518
Vila Flores,RS,4.460
Vila Lângaro,RS,4.525
Vila Maria,RS,4.503
Vila Nova do Sul,RS,4.531
Vista Alegre,RS,4.596
Vista Alegre do Prata,RS,4.470
Vista Gaúcha,RS,4.606
Vitória das Missões,RS,4.621
Westfália,RS,4.437
Xangri-lá,RS,4.393
Água Santa,RS,4.513
Áurea,RS,4.534
Abdon Batista,SC,4.368
Abelardo Luz,SC,4.448
Agrolândia,SC,4.182
Agronômica,SC,4.159
Alfredo Wagner,SC,4.172
Alto Bela Vista,SC,4.503
Anchieta,SC,4.564
Angelina,SC,4.151
Anita Garibaldi,SC,4.396
Anitápolis,SC,4.182
Antônio Carlos,SC,4.136
Apiúna,SC,4.138
Arabutã,SC,4.509
Araquari,SC,4.058
Araranguá,SC,4.326
Armazém,SC,4.218
Arroio Trinta,SC,4.359
Arvoredo,SC,4.525
Ascurra,SC,4.127
Atalanta,SC,4.176
Aurora,SC,4.153
Balneário Arroio do Silva,SC,4.329
Balneário Barra do Sul,SC,4.049
Balneário Camboriú,SC,4.100
Balneário Gaivota,SC,4.331
Balneário Piçarras,SC,4.076
Bandeirante,SC,4.621
Barra Bonita,SC,4.596
Barra Velha,SC,4.062
Bela Vista do Toldo,SC,4.214
Belmonte,SC,4.618
Benedito Novo,SC,4.112
Biguaçu,SC,4.127
Blumenau,SC,4.096
Bocaina do Sul,SC,4.237
Bom Jardim da Serra,SC,4.290
Bom Jesus,SC,4.457
Bom Jesus do Oeste,SC,4.578
Bom Retiro,SC,4.190
Botuverá,SC,4.128
Braço do Norte,SC,4.228
Braço do Trombudo,SC,4.193
Brunópolis,SC,4.288
Brusque,SC,4.128
Caibi,SC,4.605
Calmon,SC,4.280
Camboriú,SC,4.116
Campo Alegre,SC,4.089
Campo Belo do Sul,SC,4.360
Campo Erê,SC,4.532
Campos Novos,SC,4.393
Canelinha,SC,4.123
Canoinhas,SC,4.227
Capinzal,SC,4.462
Capivari de Baixo,SC,4.245
Capão Alto,SC,4.359
Catanduvas,SC,4.413
Caxambu do Sul,SC,4.589
Caçador,SC,4.296
Celso Ramos,SC,4.453
Cerro Negro,SC,4.373
Chapadão do Lageado,SC,4.172
Chapecó,SC,4.554
Cocal do Sul,SC,4.295
Concórdia,SC,4.495
Cordilheira Alta,SC,4.546
Coronel Freitas,SC,4.541
Coronel Martins,SC,4.489
Correia Pinto,SC,4.271
Corupá,SC,4.071
Criciúma,SC,4.307
Cunha Porã,SC,4.585
Cunhataí,SC,4.588
Curitibanos,SC,4.250
Descanso,SC,4.614
Dionísio Cerqueira,SC,4.604
Dona Emma,SC,4.159
Doutor Pedrinho,SC,4.104
Entre Rios,SC,4.474
Ermo,SC,4.331
Erval Velho,SC,4.395
Faxinal dos Guedes,SC,4.454
Flor do Sertão,SC,4.588
Florianópolis,SC,4.131
Formosa do Sul,SC,4.504
Forquilhinha,SC,4.317
Fraiburgo,SC,4.255
Frei Rogério,SC,4.254
Galvão,SC,4.487
Garopaba,SC,4.180
Garuva,SC,4.065
Gaspar,SC,4.095
Governador Celso Ramos,SC,4.125
Gravatal,SC,4.233
Grão Pará,SC,4.239
Guabiruba,SC,4.129
Guaraciaba,SC,4.611
Guaramirim,SC,4.061
Guarujá do Sul,SC,4.608
Guatambú,SC,4.570
Herval d'Oeste,SC,4.383
Ibiam,SC,4.356
Ibicaré,SC,4.374
Ibirama,SC,4.140
Ilhota,SC,4.084
Imaruí,SC,4.208
Imbituba,SC,4.196
Imbuia,SC,4.160
Indaial,SC,4.116
Iomerê,SC,4.356
Ipira,SC,4.479
Iporã do Oeste,SC,4.612
Ipuaçu,SC,4.464
Ipumirim,SC,4.479
Iraceminha,SC,4.600
Irani,SC,4.439
Irati,SC,4.527
Irineópolis,SC,4.257
Itaiópolis,SC,4.120
Itajaí,SC,4.101
Itapema,SC,4.116
Itapiranga,SC,4.609
Itapoá,SC,4.042
Ituporanga,SC,4.159
Itá,SC,4.535
Içara,SC,4.304
Jaborá,SC,4.429
Jacinto Machado,SC,4.335
Jaguaruna,SC,4.281
Jaraguá do Sul,SC,4.077
Jardinópolis,SC,4.543
Joaçaba,SC,4.401
Joinville,SC,4.066
José Boiteux,SC,4.131
Jupiá,SC,4.490
Lacerdópolis,SC,4.408
Lages,SC,4.316
Laguna,SC,4.239
Lajeado Grande,SC,4.506
Laurentino,SC,4.160
Lauro Muller,SC,4.278
Lebon Régis,SC,4.229
Leoberto Leal,SC,4.158
Lindóia do Sul,SC,4.457
Lontras,SC,4.140
Luiz Alves,SC,4.071
Luzerna,SC,4.388
Macieira,SC,4.354
Mafra,SC,4.123
Major Gercino,SC,4.140
Major Vieira,SC,4.191
Maracajá,SC,4.328
Maravilha,SC,4.582
Marema,SC,4.504
Massaranduba,SC,4.071
Matos Costa,SC,4.313
Meleiro,SC,4.328
Mirim Doce,SC,4.209
Modelo,SC,4.575
Mondaí,SC,4.611
Monte Carlo,SC,4.287
Monte Castelo,SC,4.191
Morro Grande,SC,4.325
Morro da Fumaça,SC,4.294
Navegantes,SC,4.085
Nova Erechim,SC,4.569
Nova Itaberaba,SC,4.570
Nova Trento,SC,4.128
Nova Veneza,SC,4.315
Novo Horizonte,SC,4.494
Orleans,SC,4.268
Otacílio Costa,SC,4.211
Ouro,SC,4.436
Ouro Verde,SC,4.451
Paial,SC,4.543
Painel,SC,4.283
Palhoça,SC,4.156
Palma Sola,SC,4.562
Palmeira,SC,4.242
Palmitos,SC,4.600
Papanduva,SC,4.169
Paraíso,SC,4.623
Passo de Torres,SC,4.339
Passos Maia,SC,4.425
Paulo Lopes,SC,4.178
Pedras Grandes,SC,4.274
Penha,SC,4.088
Peritiba,SC,4.496
Petrolândia,SC,4.171
Pinhalzinho,SC,4.566
Pinheiro Preto,SC,4.349
Piratuba,SC,4.498
Planalto Alegre,SC,4.577
Pomerode,SC,4.082
Ponte Alta,SC,4.242
Ponte Alta do Norte,SC,4.215
Ponte Serrada,SC,4.428
Porto Belo,SC,4.118
Porto União,SC,4.287
Pouso Redondo,SC,4.194
Praia Grande,SC,4.358
Presidente Castello Branco,SC,4.452
Presidente Getúlio,SC,4.159
Presidente Nereu,SC,4.143
Princesa,SC,4.610
Quilombo,SC,4.506
Rancho Queimado,SC,4.162
Rio Fortuna,SC,4.204
Rio Negrinho,SC,4.085
Rio Rufino,SC,4.223
Rio das Antas,SC,4.300
Rio do Campo,SC,4.191
Rio do Oeste,SC,4.165
Rio do Sul,SC,4.152
Rio dos Cedros,SC,4.081
Riqueza,SC,4.611
Rodeio,SC,4.119
Romelândia,SC,4.582
Salete,SC,4.195
Saltinho,SC,4.542
Salto Veloso,SC,4.366
Sangão,SC,4.286
Santa Cecília,SC,4.212
Santa Helena,SC,4.615
Santa Rosa de Lima,SC,4.197
Santa Rosa do Sul,SC,4.333
Santa Terezinha,SC,4.151
Santa Terezinha do Progresso,SC,4.493
Santiago do Sul,SC,4.563
Santo Amaro da Imperatriz,SC,4.162
Saudades,SC,4.577
Schroeder,SC,4.071
Seara,SC,4.523
Serra Alta,SC,4.575
Siderópolis,SC,4.305
Sombrio,SC,4.330
Sul Brasil,SC,4.562
São Bento do Sul,SC,4.079
São Bernardino,SC,4.510
São Bonifácio,SC,4.183
São Carlos,SC,4.584
São Cristovão do Sul,SC,4.223
São Domingos,SC,4.472
São Francisco do Sul,SC,4.036
São Joaquim,SC,4.312
São José,SC,4.130
São José do Cedro,SC,4.602
São José do Cerrito,SC,4.303
São João Batista,SC,4.125
São João do Itaperiú,SC,4.060
São João do Oeste,SC,4.610
São João do Sul,SC,4.339
São Lourenço do Oeste,SC,4.499
São Ludgero,SC,4.260
São Martinho,SC,4.200
São Miguel da Boa Vista,SC,4.584
São Miguel do Oeste,SC,4.613
São Pedro de Alcântara,SC,4.147
Taió,SC,4.205
Tangará,SC,4.341
Tigrinhos,SC,4.580
Tijucas,SC,4.121
Timbé do Sul,SC,4.334
Timbó,SC,4.100
Timbó Grande,SC,4.237
Treviso,SC,4.294
Treze Tílias,SC,4.377
Treze de Maio,SC,4.278
Trombudo Central,SC,4.169
Três Barras,SC,4.170
Tubarão,SC,4.262
Tunápolis,SC,4.615
Turvo,SC,4.333
União do Oeste,SC,4.552
Urubici,SC,4.236
Urupema,SC,4.263
Urussanga,SC,4.283
Vargem,SC,4.341
Vargem Bonita,SC,4.421
Vargeão,SC,4.440
Vidal Ramos,SC,4.152
Videira,SC,4.332
Vitor Meireles,SC,4.144
Witmarsum,SC,4.166
Xanxerê,SC,4.483
Xavantina,SC,4.503
Xaxim,SC,4.517
Zortéa,SC,4.468
Água Doce,SC,4.383
Águas Frias,SC,4.551
Águas Mornas,SC,4.164
Águas de Chapecó,SC,4.585
Amparo de São Francisco,SE,5.421
Aquidabã,SE,5.383
Aracaju,SE,5.325
Arauá,SE,5.218
Areia Branca,SE,5.321
Barra dos Coqueiros,SE,5.351
Boquim,SE,5.244
Brejo Grande,SE,5.421
Campo do Brito,SE,5.312
Canhoba,SE,5.419
Canindé de São Francisco,SE,5.450
Capela,SE,5.368
Carira,SE,5.344
Carmópolis,SE,5.364
Cedro de São João,SE,5.392
Cristinápolis,SE,5.186
Cumbe,SE,5.372
Divina Pastora,SE,5.346
Estância,SE,5.235
Feira Nova,SE,5.366
Frei Paulo,SE,5.323
Gararu,SE,5.439
General Maynard,SE,5.363
Gracho Cardoso,SE,5.397
Ilha das Flores,SE,5.419
Indiaroba,SE,5.207
Itabaiana,SE,5.321
Itabaianinha,SE,5.203
Itabi,SE,5.425
Itaporanga d'Ajuda,SE,5.280
Japaratuba,SE,5.365
Japoatã,SE,5.383
Lagarto,SE,5.282
Laranjeiras,SE,5.333
Macambira,SE,5.315
Malhada dos Bois,SE,5.371
Malhador,SE,5.333
Maruim,SE,5.345
Moita Bonita,SE,5.335
Monte Alegre de Sergipe,SE,5.435
Muribeca,SE,5.372
Neópolis,SE,5.421
Nossa Senhora Aparecida,SE,5.340
Nossa Senhora da Glória,SE,5.405
Nossa Senhora das Dores,SE,5.352
Nossa Senhora de Lourdes,SE,5.434
Nossa Senhora do Socorro,SE,5.332
Pacatuba,SE,5.409
Pedra Mole,SE,5.315
Pedrinhas,SE,5.217
Pinhão,SE,5.319
Pirambu,SE,5.358
Porto da Folha,SE,5.433
Poço Redondo,SE,5.441
Poço Verde,SE,5.259
Propriá,SE,5.416
Riachuelo,SE,5.334
Riachão do Dantas,SE,5.237
Ribeirópolis,SE,5.331
Rosário do Catete,SE,5.359
Salgado,SE,5.264
Santa Luzia do Itanhy,SE,5.212
Santa Rosa de Lima,SE,5.339
Santana do São Francisco,SE,5.422
Santo Amaro das Brotas,SE,5.356
Simão Dias,SE,5.296
Siriri,SE,5.357
São Cristóvão,SE,5.306
São Domingos,SE,5.303
São Francisco,SE,5.378
São Miguel do Aleixo,SE,5.352
Telha,SE,5.410
Tobias Barreto,SE,5.218
Tomar do Geru,SE,5.172
Umbaúba,SE,5.207
Adamantina,SP,5.079
Adolfo,SP,5.151
Aguaí,SP,4.813
Agudos,SP,4.969
Alambari,SP,4.554
Alfredo Marcondes,SP,5.043
Altair,SP,5.190
Altinópolis,SP,5.047
Alto Alegre,SP,5.114
Alumínio,SP,4.443
Alvinlândia,SP,5.027
Americana,SP,4.672
Amparo,SP,4.538
Américo Brasiliense,SP,5.067
Américo de Campos,SP,5.202
Analândia,SP,4.927
Andradina,SP,5.126
Angatuba,SP,4.668
Anhembi,SP,4.818
Anhumas,SP,5.002
Aparecida,SP,4.387
Aparecida d'Oeste,SP,5.154
Apiaí,SP,4.309
Aramina,SP,5.136
Arandu,SP,4.814
Arapeí,SP,4.375
Araraquara,SP,5.071
Araras,SP,4.804
Araçariguama,SP,4.426
Araçatuba,SP,5.133
Araçoiaba da Serra,SP,4.482
Arco-Íris,SP,5.084
Arealva,SP,5.054
Areias,SP,4.434
Areiópolis,SP,4.892
Ariranha,SP,5.145
Artur Nogueira,SP,4.701
Arujá,SP,4.269
Aspásia,SP,5.172
Assis,SP,5.004
Atibaia,SP,4.412
Auriflama,SP,5.161
Avanhandava,SP,5.139
Avaré,SP,4.827
Avaí,SP,5.053
Bady Bassitt,SP,5.169
Balbinos,SP,5.088
Bananal,SP,4.376
Barbosa,SP,5.149
Bariri,SP,5.050
Barra Bonita,SP,4.952
Barra do Chapéu,SP,4.354
Barra do Turvo,SP,4.198
Barretos,SP,5.178
Barrinha,SP,5.115
Barueri,SP,4.363
Barão de Antonina,SP,4.727
Bastos,SP,5.058
Batatais,SP,5.105
Bauru,SP,5.035
Bebedouro,SP,5.142
Bento de Abreu,SP,5.107
Bernardino de Campos,SP,4.858
Bertioga,SP,4.201
Bilac,SP,5.112
Birigui,SP,5.135
Biritiba-Mirim,SP,4.208
Boa Esperança do Sul,SP,5.069
Bocaina,SP,5.039
Bofete,SP,4.745
Boituva,SP,4.605
Bom Jesus dos Perdões,SP,4.357
Bom Sucesso de Itararé,SP,4.438
Boracéia,SP,5.037
Borborema,SP,5.126
Borebi,SP,4.935
Borá,SP,5.042
Botucatu,SP,4.846
Bragança Paulista,SP,4.444
Braúna,SP,5.115
Brejo Alegre,SP,5.145
Brodowski,SP,5.098
Brotas,SP,4.949
Buri,SP,4.547
Buritama,SP,5.150
Buritizal,SP,5.132
Bálsamo,SP,5.205
Cabreúva,SP,4.455
Cabrália Paulista,SP,4.997
Cachoeira Paulista,SP,4.407
Caconde,SP,4.826
Cafelândia,SP,5.108
Caiabu,SP,5.049
Caieiras,SP,4.394
Caiuá,SP,5.026
Cajamar,SP,4.415
Cajati,SP,4.218
Cajobi,SP,5.168
Cajuru,SP,4.959
Campina do Monte Alegre,SP,4.562
Campinas,SP,4.571
Campo Limpo Paulista,SP,4.429
Campos Novos Paulista,SP,4.997
Campos do Jordão,SP,4.433
Cananéia,SP,4.170
Canas,SP,4.409
Canitar,SP,4.873
Capela do Alto,SP,4.557
Capivari,SP,4.644
Capão Bonito,SP,4.411
Caraguatatuba,SP,4.185
Carapicuíba,SP,4.331
Cardoso,SP,5.201
Casa Branca,SP,4.865
Castilho,SP,5.111
Catanduva,SP,5.154
Catiguá,SP,5.159
Caçapava,SP,4.288
Cedral,SP,5.170
Cerqueira César,SP,4.852
Cerquilho,SP,4.644
Cesário Lange,SP,4.654
Charqueada,SP,4.827
Chavantes,SP,4.860
Clementina,SP,5.103
Colina,SP,5.166
Colômbia,SP,5.181
Conchal,SP,4.759
Conchas,SP,4.742
Cordeirópolis,SP,4.784
Coroados,SP,5.130
Coronel Macedo,SP,4.702
Corumbataí,SP,4.885
Cosmorama,SP,5.198
Cosmópolis,SP,4.683
Cotia,SP,4.343
Cravinhos,SP,5.082
Cristais Paulista,SP,5.110
Cruzeiro,SP,4.446
Cruzália,SP,4.985
Cubatão,SP,4.249
Cunha,SP,4.322
Cássia dos Coqueiros,SP,4.917
Cândido Mota,SP,4.966
Cândido Rodrigues,SP,5.126
Descalvado,SP,4.982
Diadema,SP,4.284
Dirce Reis,SP,5.167
Divinolândia,SP,4.831
Dobrada,SP,5.099
Dois Córregos,SP,4.947
Dolcinópolis,SP,5.179
Dourado,SP,5.021
Dracena,SP,5.065
Duartina,SP,5.021
Dumont,SP,5.110
Echaporã,SP,5.024
Eldorado,SP,4.286
Elias Fausto,SP,4.599
Elisiário,SP,5.158
Embaúba,SP,5.157
Embu das Artes,SP,4.317
Embu-Guaçu,SP,4.274
Emilianópolis,SP,5.048
Engenheiro Coelho,SP,4.738
Espírito Santo do Pinhal,SP,4.714
Espírito Santo do Turvo,SP,4.959
Estiva Gerbi,SP,4.718
Estrela d'Oeste,SP,5.177
Estrela do Norte,SP,4.979
Euclides da Cunha Paulista,SP,4.939
Fartura,SP,4.764
Fernando Prestes,SP,5.134
Fernandópolis,SP,5.180
Fernão,SP,5.030
Ferraz de Vasconcelos,SP,4.257
Flora Rica,SP,5.060
Floreal,SP,5.171
Florínia,SP,4.951
Flórida Paulista,SP,5.079
Franca,SP,5.101
Francisco Morato,SP,4.421
Franco da Rocha,SP,4.403
Gabriel Monteiro,SP,5.102
Garça,SP,5.056
Gastão Vidigal,SP,5.167
Gavião Peixoto,SP,5.083
General Salgado,SP,5.165
Getulina,SP,5.099
Glicério,SP,5.136
Guaimbê,SP,5.090
Guaiçara,SP,5.129
Guapiara,SP,4.373
Guapiaçu,SP,5.182
Guaraci,SP,5.190
Guarani d'Oeste,SP,5.187
Guarantã,SP,5.086
Guararapes,SP,5.115
Guararema,SP,4.223
Guaratinguetá,SP,4.395
Guaraçaí,SP,5.112
Guareí,SP,4.643
Guariba,SP,5.108
Guarujá,SP,4.214
Guarulhos,SP,4.301
Guará,SP,5.126
Guatapará,SP,5.088
Guaíra,SP,5.168
Guzolândia,SP,5.155
Gália,SP,5.042
Herculândia,SP,5.072
Holambra,SP,4.673
Hortolândia,SP,4.630
Iacanga,SP,5.084
Iacri,SP,5.075
Iaras,SP,4.911
Ibaté,SP,5.038
Ibirarema,SP,4.960
Ibirá,SP,5.160
Ibitinga,SP,5.092
Ibiúna,SP,4.341
Icém,SP,5.199
Iepê,SP,4.982
Igarapava,SP,5.129
Igaratá,SP,4.296
Igaraçu do Tietê,SP,4.923
Iguape,SP,4.192
Ilha Comprida,SP,4.184
Ilha Solteira,SP,5.147
Ilhabela,SP,4.180
Indaiatuba,SP,4.529
Indiana,SP,5.026
Indiaporã,SP,5.190
Inúbia Paulista,SP,5.068
Ipaussu,SP,4.848
Iperó,SP,4.534
Ipeúna,SP,4.856
Ipiguá,SP,5.195
Iporanga,SP,4.276
Ipuã,SP,5.156
Iracemápolis,SP,4.774
Irapuru,SP,5.081
Irapuã,SP,5.153
Itaberá,SP,4.606
Itajobi,SP,5.144
Itaju,SP,5.069
Itanhaém,SP,4.196
Itapecerica da Serra,SP,4.310
Itapetininga,SP,4.523
Itapeva,SP,4.552
Itapevi,SP,4.374
Itapira,SP,4.606
Itapirapuã Paulista,SP,4.349
Itaporanga,SP,4.708
Itapura,SP,5.137
Itapuí,SP,5.015
Itaquaquecetuba,SP,4.264
Itararé,SP,4.536
Itariri,SP,4.175
Itatiba,SP,4.479
Itatinga,SP,4.787
Itaí,SP,4.705
Itaóca,SP,4.276
Itirapina,SP,4.910
Itirapuã,SP,5.072
Itobi,SP,4.849
Itu,SP,4.486
Itupeva,SP,4.489
Ituverava,SP,5.133
Itápolis,SP,5.117
Jaborandi,SP,5.159
Jaboticabal,SP,5.122
Jacareí,SP,4.240
Jaci,SP,5.174
Jacupiranga,SP,4.220
Jaguariúna,SP,4.635
Jales,SP,5.174
Jambeiro,SP,4.216
Jandira,SP,4.352
Jardinópolis,SP,5.108
Jarinu,SP,4.441
Jaú,SP,4.998
Jeriquara,SP,5.121
Joanópolis,SP,4.395
José Bonifácio,SP,5.158
João Ramalho,SP,5.028
Jumirim,SP,4.666
Jundiaí,SP,4.458
Junqueirópolis,SP,5.081
Juquitiba,SP,4.244
Juquiá,SP,4.300
Júlio Mesquita,SP,5.079
Lagoinha,SP,4.320
Laranjal Paulista,SP,4.699
Lavrinhas,SP,4.454
Lavínia,SP,5.115
Leme,SP,4.863
Lençóis Paulista,SP,4.914
Limeira,SP,4.733
Lindóia,SP,4.522
Lins,SP,5.119
Lorena,SP,4.376
Lourdes,SP,5.155
Louveira,SP,4.485
Lucianópolis,SP,5.014
Lucélia,SP,5.075
Luiziânia,SP,5.102
Lupércio,SP,5.027
Lutécia,SP,5.035
Luís Antônio,SP,5.050
Macatuba,SP,4.965
Macaubal,SP,5.170
Macedônia,SP,5.195
Magda,SP,5.171
Mairinque,SP,4.442
Mairiporã,SP,4.357
Manduri,SP,4.856
Marabá Paulista,SP,4.999
Maracaí,SP,4.992
Marapoama,SP,5.154
Marinópolis,SP,5.156
Mariápolis,SP,5.057
Martinópolis,SP,5.027
Marília,SP,5.054
Matão,SP,5.095
Mauá,SP,4.264
Mendonça,SP,5.158
Meridiano,SP,5.182
Mesópolis,SP,5.174
Miguelópolis,SP,5.158
Mineiros do Tietê,SP,4.935
Mira Estrela,SP,5.198
Miracatu,SP,4.236
Mirandópolis,SP,5.117
Mirante do Paranapanema,SP,4.980
Mirassol,SP,5.192
Mirassolândia,SP,5.206
Mococa,SP,4.879
Mogi Guaçu,SP,4.763
Mogi Mirim,SP,4.706
Mogi das Cruzes,SP,4.219
Mombuca,SP,4.671
Mongaguá,SP,4.194
Monte Alegre do Sul,SP,4.496
Monte Alto,SP,5.129
Monte Aprazível,SP,5.188
Monte Azul Paulista,SP,5.155
Monte Castelo,SP,5.088
Monte Mor,SP,4.630
Monteiro Lobato,SP,4.354
Monções,SP,5.169
Morro Agudo,SP,5.146
Morungaba,SP,4.491
Motuca,SP,5.094
Murutinga do Sul,SP,5.115
Nantes,SP,4.988
Narandiba,SP,4.972
Natividade da Serra,SP,4.215
Nazaré Paulista,SP,4.321
Neves Paulista,SP,5.183
Nhandeara,SP,5.177
Nipoã,SP,5.168
Nova Aliança,SP,5.165
Nova Campina,SP,4.423
Nova Canaã Paulista,SP,5.157
Nova Castilho,SP,5.163
Nova Europa,SP,5.088
Nova Granada,SP,5.203
Nova Guataporanga,SP,5.082
Nova Independência,SP,5.101
Nova Luzitânia,SP,5.164
Nova Odessa,SP,4.663
Novais,SP,5.158
Novo Horizonte,SP,5.141
Nuporanga,SP,5.126
Ocauçu,SP,5.020
Olímpia,SP,5.187
Onda Verde,SP,5.188
Oriente,SP,5.055
Orindiúva,SP,5.210
Orlândia,SP,5.133
Osasco,SP,4.344
Oscar Bressane,SP,5.043
Osvaldo Cruz,SP,5.071
Ourinhos,SP,4.906
Ouro Verde,SP,5.061
Ouroeste,SP,5.183
Pacaembu,SP,5.081
Palestina,SP,5.208
Palmares Paulista,SP,5.150
Palmeira d'Oeste,SP,5.161
Palmital,SP,4.963
Panorama,SP,5.062
Paraguaçu Paulista,SP,5.016
Paraibuna,SP,4.194
Paranapanema,SP,4.691
Paranapuã,SP,5.177
Parapuã,SP,5.065
Paraíso,SP,5.153
Pardinho,SP,4.784
Pariquera-Açu,SP,4.231
Parisi,SP,5.200
Patrocínio Paulista,SP,5.083
Paulicéia,SP,5.085
Paulistânia,SP,4.975
Paulo de Faria,SP,5.207
Paulínia,SP,4.664
Pederneiras,SP,5.016
Pedra Bela,SP,4.468
Pedranópolis,SP,5.196
Pedregulho,SP,5.112
Pedreira,SP,4.553
Pedrinhas Paulista,SP,4.969
Pedro de Toledo,SP,4.205
Penápolis,SP,5.136
Pereira Barreto,SP,5.144
Pereiras,SP,4.691
Peruíbe,SP,4.184
Piacatu,SP,5.095
Piedade,SP,4.363
Pilar do Sul,SP,4.393
Pindamonhangaba,SP,4.391
Pindorama,SP,5.149
Pinhalzinho,SP,4.475
Piquerobi,SP,5.034
Piquete,SP,4.436
Piracaia,SP,4.376
Piracicaba,SP,4.771
Piraju,SP,4.826
Pirajuí,SP,5.083
Pirangi,SP,5.142
Pirapora do Bom Jesus,SP,4.432
Pirapozinho,SP,4.973
Pirassununga,SP,4.891
Piratininga,SP,5.005
Pitangueiras,SP,5.126
Planalto,SP,5.160
Platina,SP,4.995
Poloni,SP,5.183
Pompéia,SP,5.067
Pongaí,SP,5.110
Pontal,SP,5.121
Pontalinda,SP,5.168
Pontes Gestal,SP,5.205
Populina,SP,5.176
Porangaba,SP,4.696
Porto Feliz,SP,4.573
Porto Ferreira,SP,4.936
Potim,SP,4.396
Potirendaba,SP,5.161
Poá,SP,4.259
Pracinha,SP,5.056
Pradópolis,SP,5.110
Praia Grande,SP,4.212
Pratânia,SP,4.874
Presidente Alves,SP,5.067
Presidente Bernardes,SP,5.022
Presidente Epitácio,SP,5.008
Presidente Prudente,SP,5.038
Presidente Venceslau,SP,5.032
Promissão,SP,5.133
Quadra,SP,4.657
Quatá,SP,5.039
Queiroz,SP,5.091
Queluz,SP,4.454
Quintana,SP,5.057
Rafard,SP,4.640
Rancharia,SP,5.022
Redenção da Serra,SP,4.251
Regente Feijó,SP,5.009
Reginópolis,SP,5.089
Registro,SP,4.250
Restinga,SP,5.111
Ribeira,SP,4.301
Ribeirão Bonito,SP,5.019
Ribeirão Branco,SP,4.345
Ribeirão Corrente,SP,5.120
Ribeirão Grande,SP,4.380
Ribeirão Pires,SP,4.256
Ribeirão Preto,SP,5.101
Ribeirão do Sul,SP,4.973
Ribeirão dos Índios,SP,5.040
Rifaina,SP,5.108
Rincão,SP,5.079
Rinópolis,SP,5.080
Rio Claro,SP,4.843
Rio Grande da Serra,SP,4.248
Rio das Pedras,SP,4.696
Riolândia,SP,5.206
Riversul,SP,4.655
Rosana,SP,4.935
Roseira,SP,4.381
Rubinéia,SP,5.157
Rubiácea,SP,5.105
Sabino,SP,5.136
Sagres,SP,5.058
Sales,SP,5.150
Sales Oliveira,SP,5.126
Salesópolis,SP,4.201
Salmourão,SP,5.080
Saltinho,SP,4.722
Salto,SP,4.518
Salto Grande,SP,4.934
Salto de Pirapora,SP,4.422
Sandovalina,SP,4.967
Santa Adélia,SP,5.140
Santa Albertina,SP,5.171
Santa Branca,SP,4.209
Santa Bárbara d'Oeste,SP,4.671
Santa Clara d'Oeste,SP,5.163
Santa Cruz da Conceição,SP,4.887
Santa Cruz da Esperança,SP,5.014
Santa Cruz das Palmeiras,SP,4.889
Santa Cruz do Rio Pardo,SP,4.926
Santa Ernestina,SP,5.105
Santa Fé do Sul,SP,5.160
Santa Gertrudes,SP,4.798
Santa Isabel,SP,4.255
Santa Lúcia,SP,5.076
Santa Maria da Serra,SP,4.881
Santa Mercedes,SP,5.082
Santa Rita d'Oeste,SP,5.169
Santa Rita do Passa Quatro,SP,4.971
Santa Rosa de Viterbo,SP,4.935
Santa Salete,SP,5.171
Santana da Ponte Pensa,SP,5.166
Santana de Parnaíba,SP,4.397
Santo Anastácio,SP,5.025
Santo André,SP,4.263
Santo Antônio da Alegria,SP,4.949
Santo Antônio de Posse,SP,4.649
Santo Antônio do Aracanguá,SP,5.151
Santo Antônio do Jardim,SP,4.720
Santo Antônio do Pinhal,SP,4.391
Santo Expedito,SP,5.054
Santos,SP,4.225
Santópolis do Aguapeí,SP,5.097
Sarapuí,SP,4.473
Sarutaiá,SP,4.809
Sebastianópolis do Sul,SP,5.188
Serra Azul,SP,5.039
Serra Negra,SP,4.524
Serrana,SP,5.074
Sertãozinho,SP,5.114
Sete Barras,SP,4.314
Severínia,SP,5.177
Silveiras,SP,4.406
Socorro,SP,4.496
Sorocaba,SP,4.466
Sud Mennucci,SP,5.150
Sumaré,SP,4.643
Suzano,SP,4.239
Suzanápolis,SP,5.149
São Bento do Sapucaí,SP,4.455
São Bernardo do Campo,SP,4.264
São Caetano do Sul,SP,4.288
São Carlos,SP,5.011
São Francisco,SP,5.167
São Joaquim da Barra,SP,5.137
São José da Bela Vista,SP,5.121
São José do Barreiro,SP,4.392
São José do Rio Pardo,SP,4.852
São José do Rio Preto,SP,5.184
São José dos Campos,SP,4.293
São João da Boa Vista,SP,4.777
São João das Duas Pontes,SP,5.173
São João de Iracema,SP,5.171
São João do Pau d'Alho,SP,5.087
São Lourenço da Serra,SP,4.285
São Luiz do Paraitinga,SP,4.294
São Manuel,SP,4.880
São Miguel Arcanjo,SP,4.421
São Paulo,SP,4.295
São Pedro,SP,4.844
São Pedro do Turvo,SP,4.973
São Roque,SP,4.407
São Sebastião,SP,4.187
São Sebastião da Grama,SP,4.827
São Simão,SP,5.015
São Vicente,SP,4.251
Tabapuã,SP,5.164
Tabatinga,SP,5.094
Taboão da Serra,SP,4.305
Taciba,SP,4.986
Taguaí,SP,4.741
Taiaçu,SP,5.133
Taiúva,SP,5.129
Tambaú,SP,4.913
Tanabi,SP,5.202
Tapiratiba,SP,4.842
Tapiraí,SP,4.323
Taquaral,SP,5.130
Taquaritinga,SP,5.114
Taquarituba,SP,4.722
Taquarivaí,SP,4.511
Tarabai,SP,5.004
Tarumã,SP,4.974
Tatuí,SP,4.610
Taubaté,SP,4.334
Tejupá,SP,4.768
Teodoro Sampaio,SP,4.958
Terra Roxa,SP,5.150
Tietê,SP,4.666
Timburi,SP,4.822
Torre de Pedra,SP,4.682
Torrinha,SP,4.925
Trabiju,SP,5.042
Tremembé,SP,4.373
Três Fronteiras,SP,5.159
Tuiuti,SP,4.488
Tupi Paulista,SP,5.083
Tupã,SP,5.066
Turiúba,SP,5.159
Turmalina,SP,5.179
Ubarana,SP,5.153
Ubatuba,SP,4.282
Ubirajara,SP,5.001
Uchoa,SP,5.167
União Paulista,SP,5.167
Uru,SP,5.105
Urupês,SP,5.155
Urânia,SP,5.172
Valentim Gentil,SP,5.188
Valinhos,SP,4.505
Valparaíso,SP,5.114
Vargem,SP,4.424
Vargem Grande Paulista,SP,4.367
Vargem Grande do Sul,SP,4.843
Vera Cruz,SP,5.054
Vinhedo,SP,4.501
Viradouro,SP,5.137
Vista Alegre do Alto,SP,5.139
Vitória Brasil,SP,5.178
Votorantim,SP,4.439
Votuporanga,SP,5.191
Várzea Paulista,SP,4.447
Zacarias,SP,5.152
Águas da Prata,SP,4.787
Águas de Lindóia,SP,4.527
Águas de Santa Bárbara,SP,4.903
Águas de São Pedro,SP,4.820
Álvares Florence,SP,5.202
Álvares Machado,SP,5.019
Álvaro de Carvalho,SP,5.070
Óleo,SP,4.878
Abreulândia,TO,5.095
Aguiarnópolis,TO,5.060
Aliança do Tocantins,TO,5.158
Almas,TO,5.236
Alvorada,TO,5.163
Ananás,TO,5.012
Angico,TO,5.030
Aparecida do Rio Negro,TO,5.165
Aragominas,TO,5.014
Araguacema,TO,5.055
Araguanã,TO,5.012
Araguatins,TO,5.009
Araguaçu,TO,5.129
Araguaína,TO,5.032
Arapoema,TO,5.027
Arraias,TO,5.201
Augustinópolis,TO,5.014
Aurora do Tocantins,TO,5.260
Axixá do Tocantins,TO,5.023
Babaçulândia,TO,5.081
Bandeirantes do Tocantins,TO,5.055
Barra do Ouro,TO,5.107
Barrolândia,TO,5.125
Bernardo Sayão,TO,5.041
Bom Jesus do Tocantins,TO,5.154
Brasilândia do Tocantins,TO,5.093
Brejinho de Nazaré,TO,5.159
Buriti do Tocantins,TO,5.010
Cachoeirinha,TO,5.029
Campos Lindos,TO,5.174
Cariri do Tocantins,TO,5.166
Carmolândia,TO,5.025
Carrasco Bonito,TO,5.013
Caseara,TO,5.071
Centenário,TO,5.175
Chapada da Natividade,TO,5.199
Chapada de Areia,TO,5.118
Colinas do Tocantins,TO,5.081
Colméia,TO,5.099
Combinado,TO,5.244
Conceição do Tocantins,TO,5.217
Couto Magalhães,TO,5.052
Cristalândia,TO,5.127
Crixás do Tocantins,TO,5.151
Darcinópolis,TO,5.050
Dianópolis,TO,5.259
Divinópolis do Tocantins,TO,5.102
Dois Irmãos do Tocantins,TO,5.095
Dueré,TO,5.146
Esperantina,TO,4.996
Figueirópolis,TO,5.162
Filadélfia,TO,5.091
Formoso do Araguaia,TO,5.138
Fortaleza do Tabocão,TO,5.115
Fátima,TO,5.142
Goianorte,TO,5.090
Goiatins,TO,5.131
Guaraí,TO,5.108
Gurupi,TO,5.161
Ipueiras,TO,5.167
Itacajá,TO,5.140
Itaguatins,TO,5.031
Itapiratins,TO,5.114
Itaporã do Tocantins,TO,5.091
Jaú do Tocantins,TO,5.160
Juarina,TO,5.043
Lagoa da Confusão,TO,5.117
Lagoa do Tocantins,TO,5.197
Lajeado,TO,5.157
Lavandeira,TO,5.244
Lizarda,TO,5.214
Luzinópolis,TO,5.031
Marianópolis do Tocantins,TO,5.097
Mateiros,TO,5.281
Maurilândia do Tocantins,TO,5.039
Miracema do Tocantins,TO,5.138
Miranorte,TO,5.112
Monte Santo do Tocantins,TO,5.116
Monte do Carmo,TO,5.178
Muricilândia,TO,5.010
Natividade,TO,5.210
Nazaré,TO,5.036
Nova Olinda,TO,5.063
Nova Rosalândia,TO,5.133
Novo Acordo,TO,5.192
Novo Alegre,TO,5.236
Novo Jardim,TO,5.278
Oliveira de Fátima,TO,5.137
Palmas,TO,5.161
Palmeirante,TO,5.089
Palmeiras do Tocantins,TO,5.056
Palmeirópolis,TO,5.162
Paranã,TO,5.173
Paraíso do Tocantins,TO,5.135
Pau D'Arco,TO,5.017
Pedro Afonso,TO,5.150
Peixe,TO,5.172
Pequizeiro,TO,5.075
Pindorama do Tocantins,TO,5.202
Piraquê,TO,5.017
Pium,TO,5.099
Ponte Alta do Bom Jesus,TO,5.272
Ponte Alta do Tocantins,TO,5.208
Porto Alegre do Tocantins,TO,5.254
Porto Nacional,TO,5.149
Praia Norte,TO,5.015
Presidente Kennedy,TO,5.097
Pugmil,TO,5.134
Recursolândia,TO,5.167
Riachinho,TO,5.017
Rio Sono,TO,5.174
Rio da Conceição,TO,5.266
Rio dos Bois,TO,5.122
Sampaio,TO,5.013
Sandolândia,TO,5.133
Santa Fé do Araguaia,TO,5.004
Santa Maria do Tocantins,TO,5.142
Santa Rita do Tocantins,TO,5.137
Santa Rosa do Tocantins,TO,5.186
Santa Tereza do Tocantins,TO,5.190
Santa Terezinha do Tocantins,TO,5.042
Silvanópolis,TO,5.184
Sucupira,TO,5.168
São Bento do Tocantins,TO,5.021
São Félix do Tocantins,TO,5.263
São Miguel do Tocantins,TO,5.023
São Salvador do Tocantins,TO,5.164
São Sebastião do Tocantins,TO,5.003
São Valério,TO,5.185
Sítio Novo do Tocantins,TO,5.023
Taguatinga,TO,5.261
Taipas do Tocantins,TO,5.238
Talismã,TO,5.158
Tocantinópolis,TO,5.052
Tocantínia,TO,5.154
Tupirama,TO,5.123
Tupiratins,TO,5.107
Wanderlândia,TO,5.038
Xambioá,TO,5.004
